Auctiuon_key,Rent_class,Purpose_use,Occupied_part,Rent_date,Rent_deposit,Rent_monthly_price,Specific
1,전입    ,주거,201호전부,2007-09-14 00:00:00,53000000,250000,"점유: 2007.09.14-
조사서상:5300만"
2,전입    ,주거,방3,2008-06-27 00:00:00,60000000,0,점유: 2005.09.12-
2,점유    ,주거,202호,1111-11-11 00:00:00,0,0,조사서상
3,점유    ,주거,201호,1111-11-11 00:00:00,0,0,조사서상
3,전입    ,주거,201호,2007-01-08 00:00:00,0,0,조사서상
4,전입    ,주거,205호,2014-09-15 00:00:00,0,0,조사서상
4,점유    ,주거,,1111-11-11 00:00:00,0,0,조사서상
4,점유    ,주거,,1111-11-11 00:00:00,0,0,조사서상
7,전입    ,주거,방1,2010-12-06 00:00:00,50000000,0,"점유: 2012.10.12-
소유자의 배우자의 자
조사서상전입:
2010.12.16"
8,전입    ,주거,1101호전부,2006-04-16 00:00:00,205000000,0,"점유: 2006.03.14
조사서상전입:
2007.03.07"
9,전입    ,주거,전체,2012-07-18 00:00:00,240000000,0,점유: 2012.06.22-
10,전입    ,,,2011-05-23 00:00:00,0,0,조사서상
10,점유    ,주거,,1111-11-11 00:00:00,0,0,"점유: 미상
조사서상"
10,전입    ,,,2011-04-29 00:00:00,0,0,조사서상
10,전입    ,주거,전부,2011-04-20 00:00:00,280000000,0,점유: 2011.04.22-
10,전입    ,주거,,2013-08-21 00:00:00,0,0,"점유: 미상
조사서상"
10,전입    ,,,2011-03-15 00:00:00,0,0,조사서상
10,전입    ,주거,,2013-11-13 00:00:00,0,0,"점유: 미상
조사서상"
10,전입    ,,,2011-06-20 00:00:00,0,0,조사서상
10,전입    ,,,2011-05-13 00:00:00,0,0,조사서상
10,전입    ,,,2011-04-22 00:00:00,0,0,조사서상
10,전입    ,주거,,2013-09-04 00:00:00,0,0,"점유: 미상
조사서상"
10,전입    ,,,2011-10-31 00:00:00,0,0,조사서상
10,전입    ,,,2011-04-07 00:00:00,0,0,조사서상
10,전입    ,,,2011-07-04 00:00:00,0,0,조사서상
10,점유    ,주거,,1111-11-11 00:00:00,30000000,1200000,점유: 2013.10.30-
10,점유    ,주거,,1111-11-11 00:00:00,0,0,"점유: 미상
조사서상"
10,전입    ,,,2011-07-01 00:00:00,0,0,조사서상
10,전입    ,,,2011-04-26 00:00:00,0,0,조사서상
10,전입    ,,,2011-08-22 00:00:00,0,0,조사서상
10,전입    ,,,2011-08-10 00:00:00,0,0,조사서상
10,전입    ,주거,704호,2011-08-10 00:00:00,0,0,"점유: 2011.08.10
조사서상"
10,점유    ,주거,,1111-11-11 00:00:00,0,0,"점유: 미상
조사서상"
10,전입    ,주거,,2011-04-14 00:00:00,0,0,"점유: 미상
박성숙의 배우자
조사서상"
10,전입    ,주거,전부,2011-04-14 00:00:00,350000000,0,점유: 2010.11.30-
10,전입    ,,,2011-05-12 00:00:00,0,0,조사서상
10,전입    ,,,2011-08-31 00:00:00,0,0,조사서상
10,전입    ,,,2011-05-17 00:00:00,0,0,조사서상
11,전입    ,주거,방2,2007-02-09 00:00:00,120000000,0,점유: 2007.02.02-2009.02.01
12,전입    ,주거,,2007-11-28 00:00:00,0,0,
15,전입    ,주거,,2011-06-30 00:00:00,0,0,"배우자:황혜경
조사서상"
15,전입    ,주거,2202호,2011-06-30 00:00:00,650000000,0,점유: 2011.06.30-
16,전입    ,주거,,2003-12-13 00:00:00,0,0,조사서상
18,전입    ,주거,,2002-12-24 00:00:00,0,0,"강순자의 남편
조사서상"
18,전입    ,주거,,2011-10-31 00:00:00,0,0,"강순자의 아들
조사서상"
20,전입    ,주거,,2005-09-06 00:00:00,0,0,조사서상
21,전입    ,주거,,2014-02-06 00:00:00,650000000,0,점유: 2014.02.06-
23,전입    ,주거,전부,2010-10-08 00:00:00,800000000,0,"점유: 2010.10.08-
세대주:임성우(배우자 관계)"
25,전입    ,주거,전부,2014-11-06 00:00:00,200000000,0,점유: 2014.03.10-2016.03.09
27,점유    ,주거,,1111-11-11 00:00:00,0,0,조사서상
30,전입    ,주거,2605호,2000-12-19 00:00:00,0,0,"점유: 미상
조사서상"
30,전입    ,주거,일부방1,2015-01-07 00:00:00,30000000,0,점유: 2014.06.15-
31,전입    ,주거,502호,2014-04-25 00:00:00,0,0,조사서상
31,전입    ,주거,502호,2013-06-27 00:00:00,0,0,조사서상
31,전입    ,주거,502호,2012-04-06 00:00:00,0,0,조사서상
33,전입    ,주거,,2014-08-27 00:00:00,0,0,조사서상
35,전입    ,주거,전부방2,2009-09-01 00:00:00,20000000,650000,점유: 2009.08.07-
36,전입    ,주거,,2004-01-17 00:00:00,0,0,"소유자아들
조사서상"
39,전입    ,주거,,2008-11-04 00:00:00,0,0,조사서상
40,전입    ,주거,901호,2007-06-19 00:00:00,190000000,0,"점유: 2007.06.17-
1차:1억9000만
2차:2억9000만"
41,점유    ,사무실,801호,1111-11-11 00:00:00,0,0,"대표:이광수(제3자점유)
조사서상"
41,전입    ,,,2014-10-13 00:00:00,0,0,조사서상
43,전입    ,주거,,2015-05-04 00:00:00,0,0,조사서상
45,전입    ,주거,전부,2013-01-04 00:00:00,0,0,조사서상
46,전입    ,주거,전부,2014-02-26 00:00:00,50000000,2400000,점유: 2014.02.26-
49,전입    ,주거,전부,2013-05-21 00:00:00,0,0,
51,전입    ,주거,전체,2011-02-24 00:00:00,460000000,0,점유: 2011.02.24-
54,전입    ,주거,전부,2012-11-26 00:00:00,220000000,0,"점유: 2012.11.24-
염경진과이혁구는夫婦임"
55,전입    ,주거,,2006-03-02 00:00:00,600000000,0,
56,전입    ,주거,일부방1,2014-12-12 00:00:00,90000000,0,점유: 2014.07.21-
56,전입    ,주거,일부방1,2014-05-21 00:00:00,90000000,0,점유: 2014.05.21-
57,전입    ,주거,,1997-04-08 00:00:00,0,0,"점유: 미상
조사서상"
58,전입    ,주거,전부,2008-12-31 00:00:00,190000000,0,"점유: 2007.03.09-
공동임차인(부부)"
59,전입    ,주거,101동202호,2001-08-21 00:00:00,0,0,조사서상
59,전입    ,주거,,2013-11-14 00:00:00,200000000,0,"점유: 2013.08.08-2015.09.11
임차권자"
62,전입    ,주거,전부,2014-07-25 00:00:00,420000000,0,"점유: 2016.09.05까지
전세권자
등기부상"
63,전입    ,주거,1406호,2010-08-19 00:00:00,0,0,조사서상
64,전입    ,주거,전부,2011-07-04 00:00:00,250000000,0,점유: 2011.07.02-
65,전입    ,주거,1405호전부,2013-10-15 00:00:00,400000000,0,점유: 2013.10.15-2015.10.14
67,전입    ,주거,1층101호,2014-01-24 00:00:00,600000000,0,점유: 2014.01.22-
67,전입    ,주거,,1991-08-23 00:00:00,0,0,"사망말소
조사서상"
70,점유    ,주거,102호,1111-11-11 00:00:00,10000000,500000,조사서상
70,전입    ,주거,102호,2008-04-04 00:00:00,0,0,조사서상
70,전입    ,주거,102호,2015-08-20 00:00:00,10000000,500000,점유: 2011.11.18
71,전입    ,주거,일부방1,2015-02-12 00:00:00,100000000,0,점유: 2014.08.01-
73,전입    ,주거,방3,2014-03-04 00:00:00,25000000,0,점유: 2014.03.04-2017.05.01
73,전입    ,주거,방2,2014-03-04 00:00:00,25000000,500000,점유: 2014.05.01-2017.05.01
76,전입    ,주거,304동204호,2015-07-10 00:00:00,200000000,4000000,조사서상
76,점유    ,주거,전부,1111-11-11 00:00:00,1400000000,0,"점유: 2015.02.24-2017.02.23
등기부상"
81,전입    ,주거,13층1305호,2011-11-25 00:00:00,300000000,0,점유: 2013.11.25-
82,전입    ,주거,전부,2015-07-28 00:00:00,2300000000,0,"점유: 2013.08.30-
등기부상"
84,전입    ,주거,전부,2014-07-30 00:00:00,500000000,0,점유: 2014.07.30-2016.07.29
88,전입    ,주거,205호,2015-02-06 00:00:00,480000000,0,점유: 2015.02.06-
89,전입    ,주거,전부,2015-04-07 00:00:00,600000000,0,점유: 2015.04.07-2017.04.07
90,전입    ,주거,1401호,2012-02-03 00:00:00,0,0,조사서상
90,전입    ,주거,2층방1(현황서상:1401호),2015-05-18 00:00:00,30000000,0,점유: 2015.05.18-
91,전입    ,주거,전부,2006-12-19 00:00:00,145000000,0,"1차:1억3000만
2차:1억4500만
2차확정:미상
조사서상전입:
2001.05.15"
93,전입    ,주거,전부,2013-02-27 00:00:00,1400000000,0,점유: 2013.02.28-
95,전입    ,주거,일부,2013-04-16 00:00:00,0,0,조사서상
97,전입    ,주거,방1,2015-10-19 00:00:00,25000000,0,점유: 2015.10.15-
100,전입    ,주거,701호,2014-11-14 00:00:00,500000000,0,점유: 2014.11.07-
101,전입    ,주거,전부,2013-12-05 00:00:00,770000000,0,점유: 2013.12.31-2015.12.30
106,전입    ,주거,,2014-09-04 00:00:00,0,0,조사서상
107,점유    ,주거,,1111-11-11 00:00:00,320000000,0,"아들:김준형
조사서상"
110,전입    ,주거,5801호,2015-07-17 00:00:00,0,0,"부친:구본길
조사서상"
110,전입    ,주거,"5801호,5802호",2015-07-17 00:00:00,3800000000,0,"점유: 2015.01.30-2019.01.29
5802호전입:2015.01.30"
114,전입    ,주거,,2003-07-22 00:00:00,0,0,"조사서상
채무자 류정무의 배우자임"
116,전입    ,주거,,2003-11-25 00:00:00,0,0,조사서상
118,전입    ,주거,509호,2009-03-17 00:00:00,180000000,0,점유: 2009.03.17-
118,전입    ,주거,,2015-10-06 00:00:00,0,0,조사서상
119,전입    ,주거,107호전부,2011-07-15 00:00:00,390000000,0,"전세권자
등기부상점유:
2013.07.29-
2015.07.28"
119,전입    ,주거,,2011-07-22 00:00:00,0,0,조사서상
120,전입    ,주거,,2015-01-23 00:00:00,0,0,조사서상
122,전입    ,주거,전부,2015-08-13 00:00:00,50000000,2300000,"점유: 미상
조사서상"
122,전입    ,주거,미상,2011-10-31 00:00:00,0,0,"점유: 미상
조사서상"
122,전입    ,주거,전부,2015-08-13 00:00:00,50000000,2300000,점유: 2015.08.17-
126,전입    ,주거,,2015-05-07 00:00:00,0,0,조사서상
128,전입    ,주거,전부,2012-04-03 00:00:00,280000000,0,점유: 2012.03.30-
130,전입    ,주거,전체,2008-05-09 00:00:00,280000000,0,점유: 2012.05.11-
131,전입    ,주거,,2006-04-03 00:00:00,300000000,0,"점유: 2011.06.10-
조사서상전입:2011.06.10"
131,전입    ,주거,방1,2013-01-16 00:00:00,60000000,0,점유: 2013.01.12-
136,전입    ,주거,3102호전부,2012-02-28 00:00:00,370000000,0,점유: 2012.02.29-2016.03.
137,전입    ,주거,전부,2015-02-12 00:00:00,750000000,0,점유: 2015.02.12-
138,전입    ,주거,,2008-10-02 00:00:00,0,0,조사서상
139,전입    ,주거,203호방3,2010-12-01 00:00:00,60000000,0,점유: 2010.12.01-
140,전입    ,주거,주민등록상102호,2011-09-19 00:00:00,0,0,조사서상
140,전입    ,주거,주민등록상102호,2015-01-26 00:00:00,0,0,조사서상
140,전입    ,주거,102호전부,2015-01-16 00:00:00,35000000,1800000,점유: 2015.01.16-
140,전입    ,주거,주민등록상102호,2015-01-16 00:00:00,0,0,"김택승의 동거인
조사서상"
140,전입    ,주거,주민등록상102호,2015-01-16 00:00:00,0,0,"김택승의 동거인
조사서상"
140,전입    ,주거,주민등록상102호,2015-01-16 00:00:00,0,0,"김택승의 동거인
조사서상"
140,전입    ,주거,주민등록상102호,2015-01-16 00:00:00,0,0,"김택승의 동거인
조사서상"
141,전입    ,주거,,2008-07-15 00:00:00,0,0,"점유: 미상
조사서상"
141,전입    ,주거,전부,2008-07-15 00:00:00,160000000,0,점유: 2008.07.14-
142,전입    ,주거,,1997-09-19 00:00:00,0,0,조사서상
144,전입    ,주거,402호,2008-02-22 00:00:00,340000000,0,조사서상
145,전입    ,주거,502호,2012-08-27 00:00:00,500000000,0,점유: 2012.08.27-2016.11.23
147,전입    ,주거,전부,2012-02-01 00:00:00,165000000,0,점유: 2012.01.30-2013.01.29
148,전입    ,,,2013-07-19 00:00:00,250000000,0,
149,전입    ,주거,302호,2015-06-10 00:00:00,0,0,조사서상
150,전입    ,주거,,2001-12-29 00:00:00,0,0,"점유: 미상
조사서상"
150,전입    ,주거,방1,2011-07-11 00:00:00,50000000,0,점유: 2011.07.10-
151,전입    ,주거,전체,2014-02-28 00:00:00,630000000,0,점유: 2014.02.28-
152,전입    ,주거,403호전부,2011-04-05 00:00:00,310000000,0,점유: 2011.04.02-
153,전입    ,주거,1203호,2012-06-15 00:00:00,0,0,조사서상
154,전입    ,주거,508호,2013-08-30 00:00:00,100000000,0,점유: 기간정함없음
160,전입    ,주거,방1,2015-12-21 00:00:00,35000000,0,점유: 2015.12.19-
160,전입    ,주거,방1,2015-12-21 00:00:00,40000000,0,점유: 2015.12.21-
161,전입    ,주거,,2015-04-20 00:00:00,0,0,"배우자:우영미
조사서상"
161,전입    ,주거,1704호전부,2015-04-20 00:00:00,450000000,0,점유: 2015.04.20-
162,전입    ,주거,,2005-12-13 00:00:00,0,0,조사서상
165,전입    ,주거,전부,2012-12-07 00:00:00,0,0,"강미숙의 남편
조사서상"
165,전입    ,주거,방4,2012-12-07 00:00:00,380000000,0,점유: 2012.08.20-2014.08.19
166,전입    ,주거,,2015-10-26 00:00:00,0,0,조사서상
169,전입    ,주거,전부,2011-09-23 00:00:00,200000000,0,점유: 2011.08.20-
170,전입    ,주거,103호,2014-04-29 00:00:00,40000000,0,점유: 2015.09.25-
171,전입    ,주거,방1,2015-12-18 00:00:00,40000000,200000,점유: 2015.11.01-
175,전입    ,주거,,2006-10-02 00:00:00,0,0,조사서상
176,전입    ,주거,104호,2015-11-03 00:00:00,0,0,조사서상
176,전입    ,주거,104호,2014-05-07 00:00:00,200000000,1000000,점유: 2014.03.18-
180,전입    ,주거,전부,2014-02-19 00:00:00,390000000,0,점유: 2014.02.19-
181,전입    ,주거,,1996-07-23 00:00:00,0,0,조사서상
182,전입    ,주거,,2011-05-20 00:00:00,0,0,점유: 미상
182,전입    ,주거,,2015-05-21 00:00:00,0,0,점유: 미상
190,전입    ,주거,301호전부,2015-04-30 00:00:00,50000000,2450000,점유: 2014.12.24-
192,전입    ,주거,,2015-04-03 00:00:00,0,0,"점유: 미상
조사서상"
192,전입    ,주거,전부,2012-02-27 00:00:00,280000000,0,"점유: 2012.02.04-
임차권자"
194,전입    ,주거,,2015-04-23 00:00:00,150000000,0,점유: 2015.04.25-
198,전입    ,주거,,2015-08-13 00:00:00,0,0,최은주와 부부
198,전입    ,주거,전부,2015-08-13 00:00:00,100000000,3000000,점유: 2015.08.13-2017.08.12
201,전입    ,주거,,2001-12-15 00:00:00,0,0,조사서상
202,전입    ,주거,,2014-05-01 00:00:00,0,0,조사서상
203,전입    ,주거,,2003-03-31 00:00:00,0,0,
204,전입    ,주거,301호,2014-12-11 00:00:00,750000000,0,"점유: 2014.10.20-2016.10.19
대표:이사장 임춘식
등기부상확정:
2014.11.21"
205,전입    ,주거,,2015-03-06 00:00:00,200000000,600000,점유: 2015.03.06-2017.03.07
206,전입    ,주거,전부,2015-04-27 00:00:00,1600000000,0,점유: 2015.04.27-
211,전입    ,주거,,1994-05-25 00:00:00,200000000,0,점유: 2010.06.30-
212,전입    ,주거,302호전부,2014-07-31 00:00:00,50000000,0,점유: 2014.03.13-
213,전입    ,주거,,2008-03-06 00:00:00,0,0,조사서상
214,전입    ,주거,,2009-03-10 00:00:00,0,0,"점유: 미상
조사서상"
220,전입    ,주거,601호,2014-01-20 00:00:00,999000000,0,점유: 2014.01.20-
221,점유    ,주거,,1111-11-11 00:00:00,0,0,
222,전입    ,주거,,2016-05-30 00:00:00,0,0,조사서상
224,전입    ,주거,602호,2016-03-11 00:00:00,0,0,조사서상
225,전입    ,주거,,2012-01-13 00:00:00,0,0,
226,전입    ,주거,,2006-12-21 00:00:00,0,0,"채무자겸소유자 박병익 자녀
조사서상"
227,전입    ,주거,전부,2014-07-14 00:00:00,400000000,0,
234,전입    ,주거,,2011-10-19 00:00:00,0,0,
235,점유    ,주거,,1111-11-11 00:00:00,0,0,"점유: 미상
소유자이근갑장모로무상점유"
237,전입    ,"주거
",A동2202호,2012-06-28 00:00:00,0,0,
240,전입    ,주거,,2013-11-20 00:00:00,300000000,0,점유: 2013.10.20-
240,전입    ,주거,,2016-07-26 00:00:00,0,0,점유: 미상
241,전입    ,주거,방2,2016-01-07 00:00:00,25000000,0,점유: 2016.01.05-
242,전입    ,주거,,2006-11-29 00:00:00,0,0,점유: 미상
243,전입    ,주거,전부,2012-01-02 00:00:00,290000000,0,점유: 2011.12.30-
247,점유    ,주거,302호,1111-11-11 00:00:00,0,0,
248,전입    ,주거,1503호,2014-04-23 00:00:00,710000000,0,점유: 2014.04.21-2016.04.21
250,전입    ,주거,1403호,2015-01-22 00:00:00,0,0,
252,전입    ,주거,전부,2011-11-21 00:00:00,190000000,0,점유: 2011.11.22-
254,전입    ,주거,전부,2014-05-27 00:00:00,750000000,0,점유: 2014.06.10-
256,전입    ,주거,603호일부(방2개),2010-05-18 00:00:00,0,0,점유: 미상
260,전입    ,주거,전부방4,2014-02-04 00:00:00,500000000,0,점유: 2014.02.04-2016.08.24
263,전입    ,주거,,2013-04-23 00:00:00,0,0,점유: 미상
267,전입    ,주거,,2009-07-28 00:00:00,0,0,
269,전입    ,주거,,2012-11-23 00:00:00,0,0,"점유: 미상
소유자와모자지간"
270,전입    ,주거,,2016-09-22 00:00:00,0,0,
270,전입    ,주거,,2016-09-05 00:00:00,0,0,
270,전입    ,주거,,2013-08-05 00:00:00,0,0,
270,전입    ,주거,,2016-09-22 00:00:00,0,0,
271,전입    ,주거,전부,2013-11-28 00:00:00,560000000,0,점유: 2013.11.29-
274,전입    ,주거,,2002-07-27 00:00:00,0,0,이종헌의 배우자
274,전입    ,주거,전부,2002-07-27 00:00:00,100000000,0,"점유: 2011.05.30-
확정:2017.03.09"
275,전입    ,주거,전부,2015-05-07 00:00:00,645000000,0,점유: 2015.05.06-2017.05.05
276,전입    ,주거,,2009-03-23 00:00:00,0,0,
276,전입    ,주거,,2015-09-04 00:00:00,50000000,1400000,점유: 2015.09.04-
281,전입    ,주거,413호,2016-06-07 00:00:00,180000000,0,"점유: 2015.11.21-2017.11.20
등기부상"
283,전입    ,주거,1101호,2011-12-23 00:00:00,0,0,조사서상
283,전입    ,주거,1101호,2011-12-23 00:00:00,275000000,0,점유: 2011.12.23-
284,전입    ,,,2013-06-10 00:00:00,600000000,0,임차권자
286,전입    ,주거,,2013-02-19 00:00:00,0,0,"정향용와부부사이
조사서상"
286,전입    ,주거,전부,2013-02-19 00:00:00,50000000,1850000,점유: 2013.02.18-
288,전입    ,주거,101호,2003-08-14 00:00:00,0,0,
289,전입    ,주거,전부,2001-01-07 00:00:00,100000000,0,"점유: 2011.01.07-
조사서상전입:2005.09.01"
290,전입    ,주거,전부,2012-08-22 00:00:00,400000000,0,점유: 2012.07.24-
292,전입    ,주거,,2015-01-30 00:00:00,0,0,
292,전입    ,주거,,2012-04-20 00:00:00,0,0,
293,전입    ,주거,전부,2015-12-29 00:00:00,300000000,0,점유: 2015.12.19-
294,전입    ,주거,,2011-03-21 00:00:00,0,0,조사서상
295,전입    ,주거,전부,2015-10-04 00:00:00,50000000,1500000,"점유: 2015.09.20-2017.09.19
조사서상전입:
1999.12.15"
296,전입    ,주거,전체,2007-04-09 00:00:00,320000000,0,점유: 2007.04.07-
298,전입    ,주거,,2015-10-27 00:00:00,470000000,0,점유: 2015.10.30-2017.10.29
300,전입    ,주거,403호,2015-01-28 00:00:00,850000000,0,점유: 2015.01.21-
302,전입    ,주거,,2013-02-01 00:00:00,0,0,조사서상
303,전입    ,주거,전부,2008-02-21 00:00:00,1350000000,0,점유: 2008.02.19-
303,전입    ,주거,,2006-05-08 00:00:00,0,0,점유: 미상
303,전입    ,주거,,2016-06-16 00:00:00,0,0,점유: 미상
305,전입    ,주거,402호전부,2007-01-03 00:00:00,100000000,0,점유: 2006.12.29-재건축실시때까지
309,전입    ,주거,전부,2016-08-11 00:00:00,0,0,
310,전입    ,주거,,2009-05-12 00:00:00,0,0,점유: 미상
311,전입    ,주거,801호,2014-03-19 00:00:00,500000000,0,점유: 2014.03.19
312,전입    ,주거,전부,2006-01-05 00:00:00,700000000,0,점유: 2006.02.06-
313,전입    ,주거,주민등록상102호(중간방1),2016-06-13 00:00:00,100000000,0,"점유: 2013.09.04-2017.09.03
차임:월관리비30%"
313,전입    ,주거,주민등록상102호,2013-09-04 00:00:00,0,0,
316,전입    ,주거,전부,2011-01-10 00:00:00,40000000,150000,점유: 2011.01.07-2017.현재
318,전입    ,주거,,2016-01-18 00:00:00,0,0,
319,전입    ,주거,전부,2015-10-28 00:00:00,340000000,0,점유: 2015.10.28-2017.10.28
320,전입    ,주거,전부,2015-11-26 00:00:00,780000000,0,점유: 2015.11.26-
323,전입    ,주거,,2011-07-01 00:00:00,0,0,
324,전입    ,주거,,2008-06-11 00:00:00,0,0,점유: 미상
328,전입    ,주거,,2012-01-30 00:00:00,0,0,
328,전입    ,주거,,2005-02-25 00:00:00,0,0,전소유자
333,전입    ,주거,전부,2015-04-03 00:00:00,280000000,600000,점유: 2015.04.03-
334,전입    ,주거,808호,2016-10-25 00:00:00,0,0,점유: 미상
335,전입    ,주거,전부,2009-12-31 00:00:00,135000000,0,"점유: 2009.07.28-2019.07.28
소유자이현섭의배우자"
336,전입    ,주거,방1,2013-08-09 00:00:00,50000000,0,점유: 2015.08.11-
336,전입    ,주거,,2013-08-08 00:00:00,0,0,
337,전입    ,주거,전부,2015-06-29 00:00:00,300000000,0,점유: 2015.06.29-2017.06.28
340,전입    ,주거,전부,2008-02-27 00:00:00,50000000,0,점유: 2008.02.29
341,전입    ,주거,,2015-04-09 00:00:00,0,0,점유: 미상
344,전입    ,주거,,2009-10-21 00:00:00,0,0,점유: 미상
344,전입    ,주거,,2010-09-24 00:00:00,0,0,점유: 미상
346,전입    ,주거,전부,2014-08-22 00:00:00,80000000,100000,점유: 2014.07.25-
347,전입    ,주거,전부,2015-06-15 00:00:00,430000000,0,점유: 2015.05.15-
352,전입    ,주거,,2015-07-20 00:00:00,400000000,0,점유: 2015.07.20-
353,전입    ,주거,,2016-03-08 00:00:00,50000000,1900000,점유: 2016.02.20-
356,전입    ,주거,704호,2015-02-09 00:00:00,0,0,점유: 미상
359,전입    ,주거,,1997-04-16 00:00:00,0,0,채무자겸소유자 조윤숙의 배우자
360,전입    ,주거,방3,2013-03-20 00:00:00,520000000,0,점유: 2013.03.20-
361,전입    ,주거,,2010-02-01 00:00:00,0,0,점유: 미상
361,전입    ,주거,전부,2014-01-10 00:00:00,100000000,2400000,"점유: 2013.11.29-2018.01.12
등기부상:1억"
364,전입    ,주거,502호,2015-06-30 00:00:00,0,0,
364,전입    ,주거,502호상층6층602호,2015-04-08 00:00:00,350000000,0,점유: 2015.04.08-
364,전입    ,주거,502호,2015-06-30 00:00:00,495000000,0,"점유: 2015.06.30-2017.06.30
현황조사:5억5000만"
366,전입    ,주거,방3,2011-01-25 00:00:00,95000000,0,점유: 2011.01.22-2017.현재까지
370,전입    ,주거,505호방3,2015-02-23 00:00:00,527000000,0,점유: 2015.02.23-2019.02.23
371,전입    ,주거,,2013-03-05 00:00:00,0,0,
374,전입    ,주거,,2015-02-25 00:00:00,0,0,손보현 배우자
374,전입    ,주거,전부,2015-02-25 00:00:00,1300000000,0,점유: 2015.02.27-2016.10.20
379,점유    ,주거,705호,1111-11-11 00:00:00,0,0,"점유: 미상
미전입
최병길의제수로추정"
379,전입    ,주거,전부,2017-04-10 00:00:00,50000000,1400000,점유: 2015.09.30-2017.09.29
380,전입    ,주거,전부,2014-05-12 00:00:00,820000000,0,"점유: 2014.05.20-
임차권자"
381,전입    ,주거,전부,2015-02-27 00:00:00,950000000,400000,점유: 2015.02.28-
384,전입    ,주거,,2003-03-12 00:00:00,0,0,
391,전입    ,주거,,2010-02-18 00:00:00,0,0,
392,전입    ,주거,전부,2005-02-11 00:00:00,100000000,0,"점유: 2016.12.27-2017.12.26
소유자의 전처"
393,전입    ,주거,방2,2013-02-12 00:00:00,30000000,0,점유: 2013.02.15-2015.02.14
393,전입    ,주거,방1,2014-04-23 00:00:00,25000000,0,점유: 2013.01.30-2016.01.30
393,전입    ,주거,,2009-09-21 00:00:00,0,0,
393,전입    ,주거,,1996-09-04 00:00:00,0,0,
396,전입    ,주거,,2011-12-09 00:00:00,0,0,조사서상
396,전입    ,주거,,2009-01-06 00:00:00,0,0,조사서상
396,전입    ,주거,,2008-07-21 00:00:00,0,0,조사서상
397,전입    ,주거,,2006-08-23 00:00:00,0,0,조사서상
399,전입    ,주거,전부,2011-10-21 00:00:00,40000000,0,점유: 2011.10.11-2013.10.11
400,전입    ,주거,,2002-01-09 00:00:00,0,0,조사서상
402,전입    ,주거,102호전부,2002-08-02 00:00:00,0,0,조사서상
403,전입    ,주거,전부,2012-02-10 00:00:00,295000000,0,"점유: 2012.03.01-2014.02.29
조사서상:2억9000만"
405,전입    ,주거,,1993-10-27 00:00:00,0,0,"김동암의 처
조사서상"
407,전입    ,주거,,2010-02-04 00:00:00,0,0,"소유자 이모
조사서상"
409,전입    ,주거,좌측방1,2014-08-06 00:00:00,60000000,0,점유: 2013.10.14-2015.10.13
409,전입    ,주거,,2014-08-05 00:00:00,0,0,
410,전입    ,주거,107호,2015-04-07 00:00:00,50000000,0,점유: 2015.01.27-2017.01.26
412,전입    ,주거,전부,1992-10-14 00:00:00,85000000,0,"점유: 1992.10.22-1993.10.21
망 박경규(배우자)전입:1993.07.15
조사서상전입:
1992.10.26"
415,전입    ,주거,일부,2011-10-18 00:00:00,200000000,0,"점유: 2013.10.07-2015.10.06
조사서상:
점유 2011.10.-
8000만"
418,전입    ,주거,전부방1,2015-07-24 00:00:00,30000000,0,2차점유:2014.02.20-2016.02.19
420,전입    ,주거,전부,2013-06-05 00:00:00,230000000,0,점유: 2013.06.05-
423,전입    ,주거,전부,2015-02-05 00:00:00,22000000,400000,"점유: 2015.01.31-2017.01.30
조사서상:2800만/40만"
425,전입    ,주거,방1,2014-12-31 00:00:00,70000000,0,점유: 2014.12.30-2015.12.29
426,전입    ,주거,미상,2009-09-24 00:00:00,0,0,점유: 미상
430,전입    ,주거,전부,2015-08-12 00:00:00,40000000,0,점유: 2015.08.11-2017.08.11
432,전입    ,주거,미상,2006-05-30 00:00:00,0,0,"점유: 미상
조사서상"
433,전입    ,주거,전부,1994-10-13 00:00:00,100000000,0,점유: 1996.02.05-
433,전입    ,주거,전부,2012-10-12 00:00:00,0,0,"배우자:김영희
조사서상"
434,전입    ,주거,,2014-11-24 00:00:00,0,0,조사서상
434,전입    ,주거,전부,2016-03-16 00:00:00,100000000,0,점유: 2016.03.16-2018.03.15
435,점유    ,주거,전부,1111-11-11 00:00:00,0,0,"미전입
조사서상"
436,전입    ,주거,전부,2014-12-22 00:00:00,50000000,0,"점유: 2014.12.22-24개월
박진수,주민등록등재자"
439,전입    ,주거,1003호전부,2009-09-23 00:00:00,320000000,0,점유: 2011.09.18-2013.09.17
440,전입    ,주거,전부,2015-02-11 00:00:00,230000000,0,점유: 2015.02.09-
440,전입    ,주거,,2009-11-11 00:00:00,0,0,주민등록등재자
441,전입    ,주거,전부,2013-02-28 00:00:00,230000000,0,점유: 2013.02.28-
443,전입    ,주거,전부,2006-08-04 00:00:00,60000000,0,"점유: 10년넘음
조사서상"
444,전입    ,주거,전부,2013-03-11 00:00:00,320000000,0,조사서상점유:2년넘음
445,전입    ,주거,방1,2012-05-18 00:00:00,70000000,0,"소유자(이순옥) 딸
조사서상"
445,전입    ,주거,,2012-08-22 00:00:00,0,0,조사서상
445,전입    ,주거,,2015-06-09 00:00:00,0,0,조사서상
446,전입    ,주거,전부,2010-11-25 00:00:00,460000000,0,2차점유:2012.11.23-2016.11.22
453,전입    ,주거,901호방1,2015-05-14 00:00:00,200000000,0,"조사서상점유:
2015.05.-"
454,전입    ,주거,,2007-05-28 00:00:00,0,0,조사서상
455,전입    ,주거,전부,2008-07-30 00:00:00,150000000,0,점유: 2008.07.29-2015.07.28
457,전입    ,주거,미상,2014-09-01 00:00:00,0,0,"점유: 미상
조사서상"
460,전입    ,주거,,2000-12-02 00:00:00,0,0,"소유자의배우자
조사서상"
461,전입    ,주거,전부,2011-01-10 00:00:00,250000000,0,점유: 2011.01.08-2013.01.08
462,전입    ,주거,,2001-11-17 00:00:00,0,0,조사서상
465,전입    ,주거,,2015-09-08 00:00:00,0,0,조사서상
467,전입    ,주거,,2015-03-24 00:00:00,0,0,조사서상
468,전입    ,주거,401호전부,2015-07-24 00:00:00,0,0,조사서상
468,전입    ,주거,,2014-02-11 00:00:00,0,0,조사서상
474,전입    ,,,2012-03-07 00:00:00,25000000,0,
476,전입    ,주거,,2004-10-18 00:00:00,0,0,조사서상
477,전입    ,주거,미상,2001-05-02 00:00:00,0,0,"점유: 미상
채무자 최상환의 처"
478,전입    ,주거,방4,2012-08-17 00:00:00,230000000,0,점유: 2004.11.10-
483,전입    ,주거,전부,2014-02-11 00:00:00,530000000,0,"점유: 2014.02.11-2016.02.11
조사서상:5억4000만"
484,전입    ,주거,전부,2013-04-16 00:00:00,220000000,0,"2차점유:2015.04.14-2017.04.13
2차:2억3000만/30만"
485,전입    ,주거,전부,2015-08-10 00:00:00,30000000,4000000,"조사서상점유:
2015.08.초-"
486,전입    ,주거,전부,2013-08-13 00:00:00,170000000,0,조사서상점유:3년째
488,전입    ,주거,전부,2012-12-06 00:00:00,350000000,0,조사서상점유:3년째
488,전입    ,주거,,2015-04-24 00:00:00,0,0,조사서상
489,전입    ,주거,,2010-07-19 00:00:00,0,0,조사서상
491,전입    ,주거,,2011-07-14 00:00:00,0,0,조사서상
492,전입    ,주거,전부,2005-11-03 00:00:00,0,0,조사서상
493,전입    ,주거,전부,2007-02-12 00:00:00,200000000,1000000,조사서상
497,전입    ,주거,,2000-04-03 00:00:00,0,0,소유자남편
498,전입    ,주거,전부,2002-11-20 00:00:00,0,0,"점유: 미상
소유자의 배우자
조사서상"
500,전입    ,주거,방2,2015-06-12 00:00:00,350000000,0,"조사서상점유:
2017.06.까지
3억원이상"
500,전입    ,주거,방1,2015-08-31 00:00:00,0,0,조사서상
501,전입    ,주거,전부,2013-06-04 00:00:00,30000000,1000000,"점유: 2013.05.25-2015.05.24
김석희
이정혜.김석희:부부관계"
507,전입    ,주거,전부,2012-07-10 00:00:00,300000000,0,점유: 2012.07.10-2014.07.09
507,전입    ,주거,전부,2012-07-10 00:00:00,0,0,"점유: 2017.07.09
박정애와부부사이
조사서상"
508,전입    ,주거,방1,2015-10-19 00:00:00,30000000,0,점유: 2015.10.19-2017.10.18
510,전입    ,주거,,2014-04-21 00:00:00,0,0,조사서상
513,전입    ,주거,,2011-04-21 00:00:00,0,0,조사서상
515,전입    ,주거,전체방4칸중방3,2013-10-07 00:00:00,500000000,0,점유: 2009.10.06-
518,전입    ,주거,전부,2015-12-18 00:00:00,80000000,1000000,점유: 2015.12.10-2017.12.10
519,전입    ,주거,방1,2014-03-19 00:00:00,10000000,0,점유: 2014.03.10-
520,전입    ,주거,전부,2014-12-11 00:00:00,320000000,0,점유: 2014.12.11-2016.12.10
521,전입    ,주거,,2016-01-21 00:00:00,0,0,"자:장선희
조사서상"
521,전입    ,주거,902호방4,2016-01-21 00:00:00,50000000,1700000,점유: 2015.11.30-2017.11.30
524,전입    ,주거,전부,2011-01-12 00:00:00,270000000,0,점유: 2011.01.12-
528,전입    ,주거,전부,2007-06-28 00:00:00,200000000,0,"점유: 2007.06.29-
1차:2억
2차:2억
3차:2억3000만
등기부상:
1차:2억1000만
2차:2억3000만"
530,전입    ,주거,,2015-10-12 00:00:00,0,0,
537,전입    ,주거,전부,2014-10-07 00:00:00,400000000,0,"점유: -2017.01.06
주민등록등재자"
538,전입    ,주거,,2004-05-27 00:00:00,0,0,
539,전입    ,주거,미상,2008-06-12 00:00:00,0,0,점유: 미상
541,점유    ,,,1111-11-11 00:00:00,0,0,
542,전입    ,주거,전부,2007-02-02 00:00:00,290000000,0,2차점유:2011.02.28
543,점유    ,주거,전부,1111-11-11 00:00:00,20000000,900000,점유: 2015.07.24-2017.07.23
545,전입    ,주거,미상,2014-08-25 00:00:00,0,0,점유: 미상
546,전입    ,주거,미상,2015-05-20 00:00:00,0,0,점유: 미상
550,전입    ,주거,,2010-03-02 00:00:00,0,0,
552,전입    ,주거,,2014-01-15 00:00:00,0,0,
554,전입    ,주거,전부,2007-06-28 00:00:00,820000000,0,"2차점유:2011.02.20-2013.02.19
3차점유:2013.02.20-2015.02.19
4차점유:2015.02.20-2017.02.19
1차:5억5000만"
555,전입    ,주거,전부,1993-06-12 00:00:00,30000000,0,"점유: 미상
주민등록등재자"
556,전입    ,주거,,2010-03-26 00:00:00,0,0,
558,전입    ,주거,전부,2015-01-19 00:00:00,260000000,0,점유: 2015.01.17-2017.01.16
560,전입    ,주거,전부,2015-06-19 00:00:00,530000000,0,점유: 2015.06.19-2017.06.18
561,전입    ,주거,입구좌측큰방,2013-07-05 00:00:00,15000000,50000,"점유: 1차2013.07.30-2015.07.29
2차2015.07.29-2017.07.28
현황조사전입:2012.08.30"
563,전입    ,주거,미상,2006-12-11 00:00:00,0,0,"점유: 미상
신지은과부부사이"
563,전입    ,주거,전부,2016-12-11 00:00:00,190000000,0,"2차:일억육천만/10만
2차점유:2012.11.20-2014.12.06
3차점유:2014.10.31-2016.12.06"
566,전입    ,주거,,2003-01-13 00:00:00,0,0,
571,전입    ,주거,301호(방2),2016-10-26 00:00:00,70000000,0,"점유: 2015.10.02-2017.10.01
주민등록등재자"
572,전입    ,주거,전부,2011-07-19 00:00:00,290000000,260000,"점유: 2011.07.15-2015.07.14
현황조사:2억9000만/30만"
574,전입    ,주거,전부,2015-08-13 00:00:00,330000000,0,점유: 2015.06.08-2017.06.07
575,전입    ,주거,미상,2014-02-19 00:00:00,0,0,"점유: 미상
주민등록등재자
김현희와부부"
575,전입    ,주거,전부,2014-02-19 00:00:00,635000000,0,"2차점유:2016.02.18-2018.02.17
8억"
576,전입    ,주거,전부,2013-05-03 00:00:00,180000000,0,점유: 2013.05.03-
576,전입    ,주거,,2013-05-03 00:00:00,0,0,주민등록등재자
576,전입    ,주거,,2016-11-03 00:00:00,0,0,"점유: 미상
주민등록등재자"
577,전입    ,주거,전부,2015-03-16 00:00:00,355000000,0,점유: 2015.03.16-2017.03.15
578,전입    ,주거,전부,2015-12-10 00:00:00,540000000,0,점유: 2015.12.10-2017.12.10
579,전입    ,주거,전부,2014-01-08 00:00:00,260000000,0,점유: 2014.01.07-
579,전입    ,주거,미상,2014-01-10 00:00:00,0,0,점유: 미상
582,전입    ,주거,미상,2014-03-21 00:00:00,0,0,점유: 미상
583,전입    ,주거,,2016-08-31 00:00:00,0,0,주민등록등재자
585,전입    ,주거,미상,2014-02-07 00:00:00,0,0,"점유: 미상
주민등록등재자"
589,전입    ,주거,전부,2001-03-06 00:00:00,150000000,0,점유: 2010.02.05-2013.02.04
591,전입    ,주거,방1,2012-07-24 00:00:00,35000000,0,"계약서상점유:
2012.07.23-
2014.07.22"
595,전입    ,주거,미상,2012-04-12 00:00:00,0,0,"점유: 미상
김하림과부부"
595,전입    ,주거,전체,2012-04-12 00:00:00,300000000,0,"등기부상점유:2012.04.14-2014.04.14
전세권자"
598,전입    ,주거,전부,2008-07-08 00:00:00,360000000,0,"점유: 2008.07.08-2016.07.08
2차:3억7000만"
600,전입    ,주거,,2011-10-24 00:00:00,0,0,주민등록등재자
601,전입    ,주거,미상,2015-08-11 00:00:00,0,0,"점유: 미상
주민등록등재자"
602,전입    ,주거,미상,2016-09-08 00:00:00,0,0,점유: 미상
603,전입    ,주거,전부방3,2015-03-02 00:00:00,280000000,0,"점유: 2015.02.25-2017.02.25
주민등록등재자"
606,전입    ,주거,전부,2016-09-23 00:00:00,350000000,0,"점유: 2016.09.23-2018.09.22
현황조사확정:2016.09.23"
608,전입    ,주거,,1999-06-11 00:00:00,0,0,
609,전입    ,주거,전부,2014-04-03 00:00:00,410000000,0,점유: 2014.04.03-
612,전입    ,주거,전부,2017-01-17 00:00:00,32000000,500000,점유: 2017.01.17-
612,전입    ,주거,,2016-10-07 00:00:00,0,0,점유: 미상
613,전입    ,주거,전부,2016-08-17 00:00:00,530000000,0,"점유: 2016.08.13-2018.08.12
현황조사확정:2016.08.17"
614,전입    ,주거,전부,2016-05-02 00:00:00,307000000,0,점유: 2016.04.29-2018.04.28
615,전입    ,주거,전부,2010-04-23 00:00:00,365000000,0,"점유: 2016.07.01-2018.06.30
1차점유 2010.04.23-2012.04.22
2차점유 2012.04.23-2014.04.19
270,000,000원
3차점유 2014.04.20-2016.06.30
295,000,000원"
616,전입    ,주거,중간방1,2012-06-25 00:00:00,100000000,0,점유: 2012.06.24-
623,전입    ,주거,미상,2004-01-13 00:00:00,0,0,"점유: 미상
채무자의부"
624,전입    ,주거,전부,2016-05-31 00:00:00,0,0,점유: 미상
627,전입    ,주거,전부,2012-10-15 00:00:00,150000000,0,"점유: 2012-
부부:고수남"
627,전입    ,주거,전부,2012-10-15 00:00:00,150000000,0,점유: 2012.09.02-
628,전입    ,주거,전부,2014-07-21 00:00:00,150000000,0,점유: 2016.12.16-
633,전입    ,주거,미상,2006-03-03 00:00:00,0,0,"점유: 미상
주민등록등재자"
634,전입    ,주거,전부,2014-03-04 00:00:00,240000000,200000,"점유: 미상
부부:김신정"
634,전입    ,주거,701호,2014-03-04 00:00:00,240000000,200000,"점유: 2014.03.03-2016.03.02
1차:2억4000만"
637,점유    ,주거,,1111-11-11 00:00:00,0,0,
637,점유    ,주거,,1111-11-11 00:00:00,0,0,
638,전입    ,주거,전부방3,2010-09-08 00:00:00,185000000,0,점유: 2010.08.20-2012.08.19
639,전입    ,주거,전부,2013-07-05 00:00:00,50000000,500000,점유: 2013.04.10-
641,점유    ,주거,전부,1111-11-11 00:00:00,160000000,0,점유: 2013.08.16-
642,전입    ,주거,,2013-11-18 00:00:00,0,0,권근택의 처
642,전입    ,주거,"방3
",2013-11-18 00:00:00,15000000,500000,점유: 2013.11.30-
645,전입    ,주거,전부,2013-09-03 00:00:00,25000000,200000,점유: 2013.09.03-
649,전입    ,주거,방1,2014-06-11 00:00:00,30000000,0,"조사서상점유:
2014.06.-"
650,전입    ,주거,1205호,2013-03-14 00:00:00,0,0,"김명자의 자녀
조사서상"
650,전입    ,주거,1205호전부,2013-11-20 00:00:00,285000000,0,점유: 2012.08.31-
651,전입    ,주거,,2015-12-22 00:00:00,0,0,
656,전입    ,주거,전부(방3),2014-05-16 00:00:00,25000000,0,"조사서상점유:
2014.05.-"
658,전입    ,주거,미상(등본상1206호),2013-10-07 00:00:00,0,0,점유: 미상
658,전입    ,주거,"미상(등본상1206호,동거인)",2013-10-07 00:00:00,0,0,"점유: 미상
이상윤의동거인"
659,전입    ,주거,미상,2006-01-12 00:00:00,0,0,"점유: 미상
조사서상"
659,전입    ,주거,방2,2014-02-26 00:00:00,50000000,0,점유: 2014.02.10-
661,전입    ,주거,전부,2014-11-03 00:00:00,40000000,4000000,점유: 2014.11.17-
662,전입    ,주거,방3,2011-04-27 00:00:00,0,0,조사서상
662,전입    ,주거,,2014-11-10 00:00:00,0,0,조사서상
665,전입    ,주거,,2013-11-15 00:00:00,0,0,조사서상
666,전입    ,주거,202호,2014-12-15 00:00:00,35000000,0,점유: 2014.12.15
667,전입    ,주거,전부,2012-03-05 00:00:00,190000000,0,점유: 2012.03.02-
668,전입    ,주거,방1,2014-07-22 00:00:00,34000000,0,점유: 2014.07.25-
668,전입    ,주거,101호,2014-08-18 00:00:00,150000000,0,점유: 2011.06.20-
668,전입    ,주거,방1,2014-07-28 00:00:00,35000000,0,점유: 2014.07.28-
669,전입    ,주거,방1,2014-06-27 00:00:00,30000000,0,"점유: 2014.03.19-
조사서상:
점유 2013.01.-
3200만"
671,전입    ,주거,방2,2004-03-08 00:00:00,55000000,0,점유: 2004.03.05-
673,전입    ,주거,전부,2015-07-23 00:00:00,30000000,1050000,점유: 2015.05.18
674,전입    ,주거,,2014-12-05 00:00:00,0,0,점유: 미상
675,전입    ,주거,602호,2006-04-13 00:00:00,0,0,조사서상
677,전입    ,주거,전부,2013-10-18 00:00:00,110000000,0,점유: 2013.10.17-
679,전입    ,주거,402호,2014-04-09 00:00:00,0,0,"점유: 2014.04.-
조사서상"
679,전입    ,주거,402호전부,2013-10-28 00:00:00,40000000,700000,점유: 2013.10.25-
680,전입    ,주거,801호(방3),2015-02-02 00:00:00,200000000,0,"조사서상점유:
2015.02-"
681,전입    ,주거,전부방3,2014-12-30 00:00:00,360000000,0,"조사서상점유:
2014.12-"
683,점유    ,점포,3009호전부,1111-11-11 00:00:00,10000000,800000,조사서상
685,전입    ,주거,401호,2006-06-12 00:00:00,0,0,"점유: 2006.06.-
조사서상"
687,전입    ,주거,102호,2004-07-26 00:00:00,0,0,조사서상
687,전입    ,주거,102-2호,2010-09-30 00:00:00,55000000,0,점유: 2010.09.30-
687,전입    ,주거,102호,2009-03-19 00:00:00,0,0,조사서상
687,전입    ,주거,102-3호방1,2011-04-12 00:00:00,55000000,0,점유: 2011.04.15-
687,전입    ,주거,102-4호,2011-01-05 00:00:00,60000000,0,점유: 2010.12.26-2012.12.25
687,전입    ,주거,102-5호,2011-03-04 00:00:00,55000000,0,점유: 2011.03.03-2013.03.02
688,전입    ,주거,505호방3,2008-09-04 00:00:00,190000000,0,점유: 2008.09.04-
690,전입    ,주거,307호,2014-08-07 00:00:00,0,0,조사서상
691,전입    ,주거,308호,2014-07-01 00:00:00,0,0,조사서상
692,전입    ,주거,310호(방3)전부,2009-02-06 00:00:00,0,0,"점유: 2009.02.-
조사서상"
694,전입    ,주거,314호,2014-10-27 00:00:00,0,0,조사서상
694,전입    ,주거,314호,2015-07-23 00:00:00,0,0,조사서상
695,전입    ,주거,,2014-06-27 00:00:00,0,0,"점유: 미상
조사서상"
695,전입    ,주거,,2010-06-21 00:00:00,0,0,"점유: 미상
조사서상"
695,전입    ,주거,,2012-12-04 00:00:00,10000000,500000,"점유: 미상
조사서상"
696,전입    ,주거,405호(방3)전부,2009-11-02 00:00:00,0,0,"점유: 3년
조사서상"
697,전입    ,주거,407호,2012-06-08 00:00:00,0,0,"정정숙 배우자
조사서상"
697,전입    ,주거,전부,2012-06-08 00:00:00,30000000,780000,점유: 2012.05.26-
698,전입    ,주거,408호,2011-12-29 00:00:00,0,0,조사서상
699,전입    ,주거,410호(방3)전부,2009-11-03 00:00:00,0,0,점유: 2009.11.03
702,전입    ,주거,504호,2015-07-30 00:00:00,0,0,조사서상
703,전입    ,주거,,2011-03-30 00:00:00,0,0,"점유: 미상
조사서상"
703,전입    ,주거,,2012-12-17 00:00:00,0,0,"점유: 미상
조사서상"
704,전입    ,주거,508호,2014-04-10 00:00:00,0,0,조사서상
705,전입    ,주거,,2010-12-09 00:00:00,0,0,"점유: 미상
조사서상"
706,전입    ,주거,510호(방3)전부,2014-12-22 00:00:00,0,0,조사서상
707,전입    ,주거,,2011-12-30 00:00:00,0,0,"점유: 미상
조사서상"
708,전입    ,주거,513호,2014-03-31 00:00:00,0,0,조사서상
709,전입    ,주거,514호(방3)전부,2010-04-19 00:00:00,0,0,"점유: 7년
조사서상"
710,전입    ,주거,601호(방3)전부,2015-03-16 00:00:00,0,0,조사서상
711,전입    ,주거,602호(방3)전부,2015-08-08 00:00:00,0,0,조사서상
711,전입    ,주거,602호,2014-08-06 00:00:00,0,0,조사서상
712,전입    ,주거,,2015-05-06 00:00:00,0,0,"점유: 미상
조사서상"
713,전입    ,주거,,2013-11-22 00:00:00,0,0,"점유: 미상
조사서상"
713,전입    ,주거,,2013-05-21 00:00:00,0,0,"점유: 미상
조사서상"
714,전입    ,주거,613호,2009-07-17 00:00:00,0,0,조사서상
715,전입    ,주거,704호,2014-06-10 00:00:00,0,0,조사서상
716,전입    ,주거,705호,2009-09-14 00:00:00,0,0,조사서상
717,전입    ,주거,706호,2012-09-11 00:00:00,0,0,조사서상
718,전입    ,주거,708호,2009-08-11 00:00:00,0,0,조사서상
719,전입    ,주거,,2009-06-22 00:00:00,0,0,"점유: 미상
조사서상"
720,전입    ,주거,2702호,2013-01-28 00:00:00,0,0,"점유: 미상
소유자의 전입일
조사서상"
721,전입    ,주거,205호,2015-03-30 00:00:00,0,0,조사서상
722,전입    ,주거,방3,2009-04-07 00:00:00,210000000,0,"점유: 2009.04.-
조사서상"
724,전입    ,주거,702호방4,2014-08-29 00:00:00,650000000,0,"조사서상점유:
2014.07-"
727,전입    ,주거,전부방3,2012-06-26 00:00:00,210000000,0,"조사서상점유:
2012.06.-"
728,전입    ,주거,104호(방4개)전부,2013-10-25 00:00:00,600000000,0,점유: 2013.10.25-
729,전입    ,주거,전부,2013-10-15 00:00:00,150000000,0,점유: 2013.10.15-2015.10.14
730,전입    ,주거,전부(방3),2013-02-25 00:00:00,310000000,0,점유: 2013.02.23-
735,전입    ,주거,809호,2011-11-28 00:00:00,0,0,조사서상
735,전입    ,주거,809호방1,2014-05-10 00:00:00,20000000,0,"점유: 2015.05.10-
조사서상전입:
2014.05.12"
736,전입    ,주거,1009호,2007-12-06 00:00:00,0,0,"세대원 서상훈의 전입일
조사서상"
736,전입    ,주거,1009호방3,2015-09-08 00:00:00,22000000,300000,점유: 2015.09.04-2017.09.04
737,전입    ,주거,전부방3,2014-11-14 00:00:00,350000000,0,점유: 2014.11.14-
738,전입    ,주거,401호,2004-02-17 00:00:00,70000000,0,점유: 미상
740,전입    ,주거,1207호,2014-10-28 00:00:00,0,0,조사서상
740,전입    ,주거,1207호,2014-11-05 00:00:00,0,0,조사서상
741,전입    ,주거,방3,2012-06-18 00:00:00,100000000,0,점유: 2012.06.30-
742,전입    ,주거,방2,2014-09-18 00:00:00,90000000,0,점유: 2014.09.18-
743,전입    ,주거,1401호,2015-10-28 00:00:00,60000000,0,점유: 2015.02.10-
744,전입    ,주거,"201-204,301-305,401-405,501-504호",2015-10-19 00:00:00,0,0,
744,전입    ,주거,"201-204,301-305,401-405,501-504호",2015-01-06 00:00:00,0,0,
744,전입    ,주거,"201-204,301-305,401-405,501-504호",2015-06-12 00:00:00,0,0,
744,전입    ,주거,205호,2015-07-16 00:00:00,0,0,
744,전입    ,주거,205호,2015-07-16 00:00:00,0,0,
745,전입    ,주거,602호,2012-12-26 00:00:00,0,0,정덕환의 남편
745,전입    ,주거,전부,2012-12-26 00:00:00,1400000000,0,"점유: 2012.12.14-2014.12.13
전세권자
등기부상:13억"
747,전입    ,주거,,2015-11-10 00:00:00,0,0,
748,전입    ,주거,2동201호,2012-01-25 00:00:00,0,0,조사서상
748,전입    ,주거,201호,2015-04-20 00:00:00,0,0,조사서상
751,전입    ,주거,전부,2009-10-09 00:00:00,115000000,0,점유: 2009.10.09-
753,점유    ,주거,,1111-11-11 00:00:00,0,0,조사서상
753,점유    ,주거,,1111-11-11 00:00:00,0,0,조사서상
753,점유    ,주거,,1111-11-11 00:00:00,0,0,조사서상
753,점유    ,주거,,1111-11-11 00:00:00,0,0,조사서상
756,전입    ,주거,101호(방3)전부,2004-05-06 00:00:00,0,0,"점유: 2004.05.-
조사서상"
757,전입    ,주거,전부,2010-08-19 00:00:00,310000000,0,점유: 2010.07.08-
759,전입    ,주거,202호,2012-05-29 00:00:00,0,0,"이정숙의남편
조사서상"
759,전입    ,주거,방4,2012-05-29 00:00:00,280000000,0,점유: 2012.05.26-
760,전입    ,주거,전부방3,2014-09-02 00:00:00,50000000,300000,점유: 2014.09.01-2016.09.01
761,전입    ,주거,102호방2,2014-05-23 00:00:00,200000000,0,점유: 2014.01.10-2016.01.09
763,점유    ,주거,,1111-11-11 00:00:00,0,0,조사서상
763,점유    ,주거,,1111-11-11 00:00:00,0,0,조사서상
764,전입    ,주거,401호전부,2014-08-01 00:00:00,320000000,0,점유: 2014.08.04
767,전입    ,주거,202호,2008-12-26 00:00:00,0,0,"배우자 홍민욱의 전입일
조사서상"
772,전입    ,주거,,2007-03-02 00:00:00,0,0,"채무자겸소유자 배훈의 배우자
조사서상"
774,전입    ,주거,일부방1,2015-03-03 00:00:00,30000000,0,점유: 2014.06.18-
776,전입    ,주거,전부,2010-12-02 00:00:00,200000000,2000000,"점유: 2010.03.09-
등기부상:
존속기간 2012.03.08까지(변경전:2011.03.08까지)
2억(변경전:1억5000만)"
777,전입    ,주거,전체,2012-02-16 00:00:00,195000000,0,점유: 2012.02.16-
779,전입    ,주거,전부,2015-03-26 00:00:00,700000000,0,"점유: 2012.02.28-
전세권자"
781,전입    ,주거,주민등록표등본상403호,2016-02-24 00:00:00,0,0,"점유: 미상
조사서상"
787,전입    ,주거,전부,2007-07-16 00:00:00,270000000,0,"점유: 2009.06.16-
등기부상"
788,전입    ,주거,전부,2015-06-30 00:00:00,190000000,0,점유: 2015.06.30-2017.06.29
792,전입    ,주거,미상,2007-07-27 00:00:00,0,0,점유: 미상
792,점유    ,기타,전부,1111-11-11 00:00:00,5000000,0,"점유: 2015.11.13-2017.11.12
등기부상
전세권자"
793,전입    ,주거,전부,2012-11-30 00:00:00,50000000,500000,점유: 2012.11.30-
796,전입    ,주거,방3,2012-07-09 00:00:00,0,0,조사서상
801,전입    ,주거,전부,2013-11-04 00:00:00,135000000,0,점유: 2013.11.01-
803,전입    ,주거,전부,2014-01-10 00:00:00,430000000,0,점유: 2014.01.13-
805,전입    ,주거,304호전부,2012-08-07 00:00:00,240000000,0,점유: 2012.08.06-
808,전입    ,주거,1502호전부,2011-03-14 00:00:00,200000000,0,점유: 2011.03.15-2013.03.14
809,전입    ,주거,방2,2016-06-10 00:00:00,210000000,0,점유: 2016.06.10-
810,전입    ,주거,방2,2015-09-10 00:00:00,190000000,0,점유: 2015.09-
812,전입    ,주거,미상,2011-12-15 00:00:00,0,0,점유: 미상
812,전입    ,점포,미상,2012-07-31 00:00:00,10000000,800000,점유: 미상
813,전입    ,주거,방3,2011-04-25 00:00:00,160000000,0,점유: 2011.04.25-
815,전입    ,주거,,2014-04-21 00:00:00,0,0,점유: 미상
815,전입    ,주거,전부,2014-04-21 00:00:00,200000000,0,"점유: 2014.04.22-
최재혁의배우자"
817,전입    ,주거,방1,2015-07-15 00:00:00,20000000,0,점유: 2015.07.15-
818,점유    ,주거,,1111-11-11 00:00:00,0,0,
818,전입    ,주거,전부,2012-08-06 00:00:00,20000000,400000,점유: 2008.12.22-
820,전입    ,주거,미정,2006-10-04 00:00:00,0,0,점유: 미정
820,전입    ,주거,미상,2006-10-04 00:00:00,0,0,점유: 미상
822,점유    ,주거,전부,1111-11-11 00:00:00,0,0,점유: 미상
823,전입    ,주거,미상,2015-08-13 00:00:00,0,0,점유: 미상
826,점유    ,주거,전부,1111-11-11 00:00:00,10000000,0,등기부상
829,전입    ,주거,전부,2013-08-30 00:00:00,140000000,0,점유: 2013.08.30-
830,전입    ,주거,,2016-03-21 00:00:00,0,0,배우자:김수진
830,전입    ,주거,전부,2016-06-03 00:00:00,10000000,350000,점유: 2016.03.20-
832,전입    ,주거,전부,2014-06-30 00:00:00,100000000,0,"점유: 2014.06.30-
등기부상"
832,점유    ,주거,,1111-11-11 00:00:00,0,0,"양수인 
양도인:고경미"
833,전입    ,주거,전부,2013-07-15 00:00:00,150000000,0,"점유: 2013.07.15-
등기부상"
835,전입    ,주거,전부(방4),2013-02-12 00:00:00,50000000,0,점유: 2013.03.30-
836,전입    ,주거,전부,2014-05-09 00:00:00,360000000,0,김순재의 배우자
836,전입    ,주거,전부,2014-05-09 00:00:00,360000000,0,"점유: 2014.05.08-
실제계약자"
838,전입    ,주거,,2006-10-04 00:00:00,0,0,"점유: 미상
소유자의배우자(상속인)"
839,전입    ,주거,전부,2014-02-28 00:00:00,210000000,0,"점유: 2014.03.03-
신청채권자"
841,전입    ,주거,,2016-06-08 00:00:00,0,0,
843,전입    ,주거,미상,2014-04-29 00:00:00,0,0,점유: 미상
844,전입    ,주거,전부,2013-07-26 00:00:00,60000000,0,점유: 2013.07.26
845,전입    ,주거,전부,2014-12-18 00:00:00,90000000,0,점유: 2016.05.17-
846,전입    ,주거,전부,2015-10-20 00:00:00,600000000,0,점유: 2015.10.15-
848,전입    ,주거,전부,2013-11-25 00:00:00,200000000,0,점유: 2013.11.12-
849,전입    ,주거,2206호,2014-03-13 00:00:00,0,0,
850,전입    ,주거,방4,2009-06-05 00:00:00,180000000,0,점유: 2009.06.30
851,전입    ,주거,,2016-05-24 00:00:00,0,0,
851,전입    ,주거,,2015-05-12 00:00:00,0,0,
851,전입    ,주거,,2015-11-27 00:00:00,0,0,현황조사서상
853,전입    ,주거,,2016-12-30 00:00:00,0,0,
854,전입    ,주거,601호전부,2011-10-26 00:00:00,180000000,0,점유: 2011.10.26-
855,전입    ,주거,전부,2012-05-31 00:00:00,240000000,0,점유: 2012.05.31-
859,전입    ,주거,102동401호,2010-10-29 00:00:00,0,0,조사서상
863,전입    ,주거,전부,2013-08-28 00:00:00,25000000,0,점유: 2014.11.12-
864,점유    ,주거,전부,1111-11-11 00:00:00,10000000,0,"점유: 2016.03.24-2018.03.23
전세권자
등기부상"
866,전입    ,주거,,2013-07-30 00:00:00,0,0,
867,전입    ,주거,전부,2015-02-10 00:00:00,650000000,0,점유: 2015.02.10
868,전입    ,주거,전부,2015-03-13 00:00:00,200000000,1000000,점유: 2015.03.13-
871,전입    ,주거,,2005-11-22 00:00:00,0,0,소유자 이운정의 배우자
871,점유    ,,301호전부,1111-11-11 00:00:00,0,0,"점유: 2016.08.12-2018.08.11
전세권자
등기부상"
872,전입    ,주거,전부,2013-10-25 00:00:00,160000000,0,"점유: 2013.10.25
현황조사전입:2013.10.10(김진기준)"
873,전입    ,주거,1103호,2010-05-17 00:00:00,0,0,점유: 미상
874,전입    ,주거,전부,2010-01-13 00:00:00,220000000,0,점유: 2010.01.10-2018.12.10
879,전입    ,주거,미상,2016-01-20 00:00:00,0,0,"점유: 미상
이동숙배우자"
879,전입    ,주거,전부,2016-01-20 00:00:00,10000000,1150000,점유: 2015.07.25-현재
880,전입    ,주거,602호,2015-08-27 00:00:00,0,0,
881,전입    ,주거,전부방4,2014-02-14 00:00:00,300000000,0,점유: 2014.02.15-
882,전입    ,주거,전부,2013-09-02 00:00:00,350000000,0,점유: 2013.08.20-현재
887,전입    ,주거,미상,2016-05-03 00:00:00,0,0,점유: 미상
888,전입    ,주거,502호,2017-04-05 00:00:00,80000000,0,점유: 2017.03.20-
888,전입    ,주거,502호,2017-05-19 00:00:00,0,0,
888,전입    ,주거,502호,2016-08-01 00:00:00,60000000,0,점유: 2015.04.28-
890,전입    ,주거,,2003-06-10 00:00:00,0,0,소유자의 남편
891,전입    ,주거,전부,2015-07-28 00:00:00,300000000,0,점유: 2015.07.27-
892,전입    ,주거,전부,2017-02-20 00:00:00,60000000,650000,점유: 2017.02.17-2018.02.16
894,전입    ,주거,,2010-04-07 00:00:00,0,0,
894,전입    ,주거,전부,2010-04-07 00:00:00,250000000,0,"점유: 2014.04.04-2016.04.04
김세준의 부인"
896,전입    ,주거,,2013-02-19 00:00:00,0,0,
899,점유    ,,전부,1111-11-11 00:00:00,10000000,0,"점유: 2016.11.07-2017.11.06
등기부상"
901,전입    ,주거,,2017-03-07 00:00:00,0,0,소유자장남
902,전입    ,주거,501호전부,2016-06-15 00:00:00,5000000,500000,2차점유:2016.06.15-
906,점유    ,주거,,1111-11-11 00:00:00,0,0,"일반 분양자
조사서상"
908,전입    ,주거,,2010-04-15 00:00:00,0,0,
909,전입    ,주거,,2011-09-21 00:00:00,0,0,"소유자의 사위
조사서상"
910,전입    ,주거,,2000-02-16 00:00:00,0,0,조사서상
917,전입    ,주거,,2014-05-12 00:00:00,0,0,조사서상
919,전입    ,주거,전부,2014-01-02 00:00:00,92000000,0,점유: 2013.12.31-
920,전입    ,주거,,2013-02-18 00:00:00,0,0,
921,전입    ,주거,,2012-12-31 00:00:00,0,0,
922,전입    ,주거,전부,2013-08-21 00:00:00,50000000,0,점유: 2013.07.23-
923,전입    ,주거,,2013-08-14 00:00:00,0,0,
924,전입    ,주거,605호전부,2014-03-03 00:00:00,100000000,0,점유: 2014.01.29-
925,전입    ,주거,803호전부,2008-01-17 00:00:00,0,0,
929,전입    ,주거,전부,2013-09-09 00:00:00,50000000,650000,점유: 2013.07.31-
931,전입    ,주거,1202호전부,2010-07-28 00:00:00,310000000,0,점유: 2010.07.07-
932,전입    ,주거,미상,2011-03-03 00:00:00,0,0,"점유: 미상
조사서상"
933,전입    ,주거,302호전부,2012-09-25 00:00:00,33000000,500000,점유: 2012.09.03-
939,전입    ,주거,,2008-06-09 00:00:00,0,0,"점유: 미상
조사서상"
945,전입    ,주거,,2015-04-27 00:00:00,0,0,조사서상
946,전입    ,주거,전부,2014-09-05 00:00:00,42000000,500000,점유: 2014.09.30-
948,전입    ,주거,610호전부,2013-09-25 00:00:00,130000000,0,점유: 2013.09.23-2015.09.22
954,전입    ,주거,전부,2010-09-24 00:00:00,70000000,0,"점유: 2014.09.24-2016.09.24
조사서상:
7000만/38만"
955,전입    ,주거,방1,2015-05-04 00:00:00,30000000,0,점유: 2015.05.04-2017.05.03
956,전입    ,주거,미상,2010-06-10 00:00:00,0,0,"점유: 미상
조사서상"
957,전입    ,주거,전부,2006-08-02 00:00:00,150000000,0,점유: 2006.08.05-
960,전입    ,주거,전부,2012-08-31 00:00:00,210000000,0,점유: 2012.08.31-
962,전입    ,주거,,2005-12-12 00:00:00,0,0,"소유자박영옥의배우자
자녀김경민전입신고일"
962,전입    ,주거,방1,2015-04-16 00:00:00,20000000,0,점유: 2015.04.16-
963,전입    ,주거,,2015-05-06 00:00:00,0,0,조사서상
965,전입    ,주거,,2014-04-30 00:00:00,200000000,0,점유: 2014.04.25-
966,전입    ,주거,미상,1989-02-22 00:00:00,0,0,"점유: 미상
조사서상"
969,전입    ,주거,방1,2015-09-07 00:00:00,30000000,400000,점유: 2015.09.07-
969,전입    ,주거,방1,2015-09-08 00:00:00,30000000,500000,점유: 2015.09.04-
971,전입    ,주거,전부,2013-09-13 00:00:00,250000000,0,점유: 2013.09.22
972,전입    ,주거,전부,2008-09-24 00:00:00,400000000,0,점유: 2008.09.16-
973,전입    ,주거,전부,2015-07-17 00:00:00,190000000,0,점유: 2015.07.15-24개월
974,전입    ,주거,,2012-04-23 00:00:00,0,0,"최정희와 부부
조사서상"
974,전입    ,주거,전부,2012-04-23 00:00:00,110000000,0,점유: 2012.04.23-
977,전입    ,주거,전부,2015-08-06 00:00:00,28000000,1000000,점유: 2015.08.03-
979,전입    ,주거,전부,2015-04-21 00:00:00,20000000,900000,"점유: 2015.03.26-2017.03.26
조사서상:
2000만/95만"
981,전입    ,주거,전부,2004-08-04 00:00:00,325000000,0,점유: 2004.08.25-
982,전입    ,주거,,2014-11-10 00:00:00,0,0,조사서상
985,전입    ,주거,301호전부,2014-01-10 00:00:00,210000000,0,점유: 2014.01.11-2016.01.10
987,전입    ,주거,전부,2013-07-24 00:00:00,355000000,0,점유: 2013.07.26-
989,전입    ,주거,전부,2014-06-13 00:00:00,200000000,0,점유: 2014.05.30-2016.05.29
990,전입    ,주거,,2013-07-01 00:00:00,0,0,조사서상
990,점유    ,주거,,1111-11-11 00:00:00,0,0,"전세권자
등기부상"
991,전입    ,주거,전부,2013-06-27 00:00:00,250000000,0,점유: 2013.06.27-
992,전입    ,주거,전부,2015-01-30 00:00:00,300000000,1000000,점유: 2015.01.30-
993,전입    ,주거,,2014-12-08 00:00:00,0,0,"김은성의 모친
조사서상"
995,전입    ,주거,전부,2013-07-03 00:00:00,110000000,0,점유: 2013.06.28-
997,전입    ,주거,전부,2014-12-30 00:00:00,190000000,0,"점유: 2014.02.27-
조사서상:2억"
999,전입    ,주거,,2009-03-31 00:00:00,0,0,조사서상
1001,전입    ,주거,전부,2012-11-30 00:00:00,275000000,0,점유: 2012.11.30-2016.01.27
1003,전입    ,주거,전부,2014-07-25 00:00:00,90000000,0,조사서상
1005,전입    ,주거,전부,2010-09-17 00:00:00,230000000,0,점유: 2010.09.17-
1006,전입    ,주거,전부,2012-11-15 00:00:00,170000000,0,점유: 2012.11.15-
1008,전입    ,주거,501호전부,2014-09-15 00:00:00,230000000,0,점유: 2014.09.15-
1010,전입    ,주거,102호,2015-12-24 00:00:00,30000000,0,점유: 2015.02.24-2017.02.23
1010,전입    ,주거,102호전부,2010-02-16 00:00:00,200000000,0,"점유: 2012.06.22-2016
채무자겸소유자사위
조사서상전입:2006.04.11"
1011,점유    ,주거,일부,1111-11-11 00:00:00,0,0,"점유: 미상
조사서상"
1012,전입    ,주거,전부,2014-11-11 00:00:00,50000000,1650000,"김희옥남동생
조사서상"
1012,전입    ,주거,202호전부,2014-11-11 00:00:00,50000000,1650000,점유: 2014.10.31-
1014,전입    ,주거,일부방2,2015-04-17 00:00:00,30000000,300000,점유: 2015.04.17-2016.04.16
1015,전입    ,주거,,2001-10-11 00:00:00,0,0,조사서상
1016,전입    ,주거,전부,2008-06-18 00:00:00,30000000,1000000,"박영숙과 부부사이
조사서상"
1016,전입    ,주거,304호전부,2008-06-18 00:00:00,30000000,1000000,점유: 2008.05.26-2016.05.25
1018,전입    ,주거,,2011-07-18 00:00:00,0,0,조사서상
1021,전입    ,주거,방4,2015-01-29 00:00:00,750000000,0,점유: 2015.02.10-2017.02.10
1023,전입    ,주거,,2015-07-15 00:00:00,0,0,조사서상
1026,전입    ,주거,전부방1,1994-01-03 00:00:00,55000000,0,점유: 2005.08.30-
1028,전입    ,주거,전부,1989-02-23 00:00:00,70000000,0,점유: 2000.02.28-
1029,전입    ,주거,전부,2008-04-23 00:00:00,50000000,0,점유: 2008.04.23-
1030,전입    ,주거,전부,2009-08-21 00:00:00,80000000,0,"점유: 2014.12.09-
송승철의 동거인
현황조사전입:2005.01.24"
1033,전입    ,주거,전부,2011-05-03 00:00:00,30000000,1000000,점유: 2011.04.27-
1036,전입    ,주거,601호전부,2010-05-10 00:00:00,90000000,0,점유: 2010.05.02-
1040,전입    ,주거,전부,2013-02-26 00:00:00,5000000,800000,부부:안재완
1040,전입    ,주거,501호전부,2013-02-26 00:00:00,5000000,750000,점유: 2013.03.10-
1046,전입    ,주거,방1,2015-12-23 00:00:00,40000000,0,점유: 2015.12.23-2017.12.22
1048,점유    ,주거,방1,1111-11-11 00:00:00,50000000,0,"점유: 미상
이건화의 사위
조사서상"
1049,전입    ,주거,,2016-02-29 00:00:00,0,0,조사서상
1049,전입    ,주거,,2012-06-28 00:00:00,0,0,조사서상
1050,전입    ,주거,전부,2016-02-04 00:00:00,50000000,0,점유: 2014.03.28-
1051,전입    ,주거,전부,2014-07-23 00:00:00,60000000,0,점유: 2014.07.18-
1055,전입    ,주거,전부,2010-07-20 00:00:00,30000000,400000,점유: 2010.07.20-
1055,점유    ,주거,전부,1111-11-11 00:00:00,10000000,0,"점유: 2016.08.09-
등기부상"
1057,전입    ,주거,,1999-08-17 00:00:00,0,0,조사서상
1060,전입    ,주거,,2016-04-12 00:00:00,0,0,조사서상
1062,전입    ,주거,,2006-03-20 00:00:00,0,0,조사서상
1065,전입    ,주거,전부,2013-10-11 00:00:00,330000000,0,"정성조와부부사이
조사서상"
1065,전입    ,주거,전부,2013-10-11 00:00:00,330000000,0,점유: 2013.10.11-
1069,전입    ,주거,전부,2014-06-30 00:00:00,320000000,0,"손은영 남편
조사서상"
1069,전입    ,주거,전부,2014-06-30 00:00:00,320000000,0,점유: 2014.06.27-
1071,전입    ,주거,,2010-06-30 00:00:00,0,0,
1072,전입    ,주거,전부,2016-01-08 00:00:00,340000000,0,점유: 2016.01.08-
1073,전입    ,주거,704호방1,2016-06-03 00:00:00,38000000,0,점유: 2016.05.15-2018.05.14
1074,점유    ,주거,,1111-11-11 00:00:00,0,0,조사서상
1075,전입    ,주거,전부,2015-04-23 00:00:00,400000000,0,점유: 2015.04.23-
1076,전입    ,주거,,2015-08-10 00:00:00,0,0,조사서상
1079,전입    ,주거,,2015-09-30 00:00:00,0,0,
1082,전입    ,주거,,2014-05-27 00:00:00,0,0,소유자아들
1084,전입    ,주거,전부,2015-09-18 00:00:00,130000000,0,점유: 2015.09.18-
1085,전입    ,주거,전부,2015-04-23 00:00:00,190000000,0,점유: 2015.04.23-
1086,전입    ,주거,전부,2015-05-04 00:00:00,270000000,0,점유: 2015.05.04-2017.05.04
1088,전입    ,주거,전부,2015-04-13 00:00:00,32000000,0,점유: 2015.04.10-2017.04.09
1089,전입    ,주거,,2015-10-07 00:00:00,0,0,
1091,전입    ,주거,방3,2016-03-31 00:00:00,35000000,0,점유: 2016.03.31-
1093,전입    ,주거,전부,2006-03-09 00:00:00,105000000,550000,이소윤과 부녀사이
1093,전입    ,주거,전부,2006-03-09 00:00:00,105000000,0,점유: 2006.03.12-
1094,전입    ,주거,미상,2013-05-30 00:00:00,0,0,점유: 미상
1094,전입    ,주거,미상,2012-08-27 00:00:00,0,0,점유: 미상
1094,전입    ,주거,전부,2012-08-27 00:00:00,30000000,1000000,"점유: 2012.07.31-2016.07.31
원종수자녀"
1095,전입    ,주거,방1,2016-05-23 00:00:00,30000000,200000,점유: 2016.05.23-2018.05.22
1095,전입    ,주거,미상,1994-05-12 00:00:00,0,0,점유: 미상
1097,전입    ,주거,,2015-05-08 00:00:00,60000000,0,"채복순 배우자
채무자 박춘호와 부자관계"
1097,전입    ,주거,전부,2015-05-08 00:00:00,60000000,0,"점유: 2015.05.07-
채무자 박춘호와 모자관계"
1099,전입    ,주거,방3,2013-08-12 00:00:00,150000000,0,점유: 2013.08.12-2015.08.12
1100,전입    ,주거,,2012-04-24 00:00:00,0,0,
1101,전입    ,주거,전부,2012-03-02 00:00:00,200000000,0,점유: 2012.03.02-
1102,전입    ,주거,전부,2016-07-29 00:00:00,250000000,0,점유: 2016.07.28-
1106,전입    ,주거,전부,2013-03-04 00:00:00,250000000,0,점유: 2016.02.27-
1107,전입    ,주거,전부,2006-10-26 00:00:00,140000000,0,점유: 2006.10.26-
1108,전입    ,주거,전부,2016-02-05 00:00:00,10000000,550000,점유: 2016.01.08-
1111,전입    ,주거,전부,2008-07-28 00:00:00,0,0,점유: 미상
1113,전입    ,주거,B102호전부,2014-07-01 00:00:00,20000000,250000,점유: 2014.06.30-2015.06.30
1114,전입    ,주거,203호,2012-12-07 00:00:00,10000000,400000,점유: 2012.09.17-현재
1115,전입    ,주거,204호전부,2012-06-14 00:00:00,60000000,0,점유: 2012.06.16-현재
1116,전입    ,주거,302호,2013-11-15 00:00:00,50000000,0,점유: 2013.10.26-2015.10.26
1117,전입    ,주거,404호전부,2012-11-05 00:00:00,30000000,230000,"점유: 2012.11.05-
임차권자"
1118,전입    ,주거,703호,2015-09-07 00:00:00,65000000,0,점유: 2015.08.29-2017.08.28
1119,전입    ,주거,704호,2014-02-17 00:00:00,60000000,0,점유: 2014.02.14-2016.02.14
1120,점유    ,주거,801호전부,1111-11-11 00:00:00,55000000,0,
1121,전입    ,주거,803호전부,2014-01-29 00:00:00,55000000,0,"점유: 2014.02.15-2016.02.05
임차권자"
1123,전입    ,주거,,2016-09-06 00:00:00,35000000,0,점유: 2015.07.30-2017.07.30
1124,전입    ,주거,전부,2015-08-03 00:00:00,35000000,0,"점유: 2015.07.30-2017.07.30
중국인"
1127,전입    ,주거,일부(방1),2016-04-01 00:00:00,20000000,0,점유: 2016.04.01-
1127,전입    ,주거,,2016-07-18 00:00:00,0,0,
1127,전입    ,주거,일부(방2),2016-04-01 00:00:00,30000000,0,점유: 2016.04.01-
1128,전입    ,주거,,2001-07-23 00:00:00,0,0,박정호 아버지
1128,전입    ,주거,전부,2001-07-23 00:00:00,180000000,0,점유: 2012.05.03-
1131,전입    ,주거,전부,2013-10-15 00:00:00,100000000,0,점유: 2013.10.15-현재
1134,전입    ,주거,,2002-10-04 00:00:00,0,0,
1136,전입    ,주거,전부,2015-09-24 00:00:00,340000000,0,
1137,전입    ,주거,미상,2013-08-16 00:00:00,0,0,"점유: 미상
소유자이상현의자녀"
1137,전입    ,주거,전부(방3),2013-08-16 00:00:00,300000000,0,"점유: 2013.08.16-2016.11.28
부부관계"
1142,전입    ,주거,전부,2012-06-18 00:00:00,70000000,0,점유: 2012.06.05-
1143,전입    ,주거,미상,2016-02-05 00:00:00,0,0,점유: 미상
1143,전입    ,주거,미상,2016-09-23 00:00:00,0,0,점유: 미상
1147,전입    ,주거,미상,1994-10-06 00:00:00,0,0,점유: 미상
1148,전입    ,주거,전부,2013-06-28 00:00:00,50000000,0,
1149,전입    ,주거,전부,2014-11-24 00:00:00,60000000,0,점유: 2014.11.20-
1150,전입    ,주거,전부,2015-06-08 00:00:00,50000000,0,점유: 2013.11.25-
1151,전입    ,주거,미상,2005-04-27 00:00:00,0,0,점유: 미상
1152,전입    ,주거,전부,2016-09-13 00:00:00,35000000,350000,점유: 2016.9.9-
1153,점유    ,주거,전부,1111-11-11 00:00:00,0,0,
1157,전입    ,주거,,2005-04-08 00:00:00,0,0,
1159,전입    ,주거,미상,2014-06-16 00:00:00,0,0,점유: 미상
1159,전입    ,주거,전부,2014-06-16 00:00:00,80000000,0,"점유: 2014.06.14-현재
송상조배우자"
1160,전입    ,주거,전부,2014-02-26 00:00:00,150000000,0,점유: 2014.03.23-
1161,전입    ,주거,,2015-04-14 00:00:00,0,0,"점유: 미상
김혜경과형제관계
조사서상"
1161,전입    ,주거,전부,2016-02-22 00:00:00,30000000,600000,점유: 2015.04.13-
1164,전입    ,주거,,2004-03-25 00:00:00,0,0,소유자 채윤석 아버지
1168,전입    ,주거,전부,2015-05-20 00:00:00,65000000,500000,점유: 2015.05.18-2017.05.17
1173,전입    ,주거,201호전부,2014-12-12 00:00:00,160000000,0,점유: 2014.12.10-
1174,전입    ,주거,전부,2015-05-29 00:00:00,360000000,0,
1178,전입    ,주거,202호,2003-03-08 00:00:00,85000000,0,점유: 2003.03.08-2016.07.07
1179,전입    ,주거,,2006-02-03 00:00:00,0,0,
1183,전입    ,주거,,2013-07-05 00:00:00,15000000,0,
1184,전입    ,주거,,2013-07-12 00:00:00,0,0,"공유자
조사서상"
1188,전입    ,주거,,2002-09-04 00:00:00,0,0,
1188,전입    ,주거,,2015-09-02 00:00:00,0,0,
1190,전입    ,주거,전부방3,2012-07-23 00:00:00,150000000,0,점유: 2012.07.23-
1192,전입    ,주거,전부,2014-11-17 00:00:00,350000000,0,점유: 2014.11.07-
1194,전입    ,주거,,2005-01-29 00:00:00,0,0,조대현의 배우자
1195,전입    ,주거,전부,2002-08-30 00:00:00,0,0,
1198,전입    ,주거,전부,2012-04-30 00:00:00,170000000,0,점유: 2012.04.30-
1204,전입    ,주거,,2004-08-06 00:00:00,0,0,
1210,전입    ,주거,전부,2015-06-08 00:00:00,150000000,0,점유: 2015.05.28-2017.05.28
1211,전입    ,주거,,2009-09-30 00:00:00,0,0,
1212,전입    ,주거,미상,2005-08-24 00:00:00,0,0,점유: 미상
1212,전입    ,주거,미상,2011-02-01 00:00:00,0,0,점유: 미상
1213,전입    ,주거,미상,2016-10-18 00:00:00,0,0,점유: 미상
1213,전입    ,주거,전부,2016-10-18 00:00:00,520000000,0,"점유: 2010.02.02-
전세권자
주동만과부부"
1214,전입    ,주거,전부,2005-09-01 00:00:00,160000000,0,2차점유:2008.01.25-
1214,전입    ,주거,,2013-10-04 00:00:00,0,0,
1217,전입    ,주거,전부,2017-03-10 00:00:00,150000000,0,점유: 2015.11.20-2017.11.19
1218,전입    ,주거,전부,2011-07-20 00:00:00,0,0,
1220,전입    ,주거,전부,2016-10-28 00:00:00,178000000,0,정순심의자
1220,전입    ,주거,전부,2016-10-28 00:00:00,178000000,0,점유: 2016.10.31-2018.10.31
1222,전입    ,주거,전부,2010-05-28 00:00:00,175000000,0,점유: 2010.05.31-2016.05.29
1225,전입    ,주거,미상,2017-03-22 00:00:00,0,0,점유: 미상
1227,전입    ,주거,,2014-01-21 00:00:00,0,0,
1228,전입    ,주거,전부,2016-12-13 00:00:00,50000000,400000,점유: 2016.12.19-2018.12.19
1230,전입    ,주거,전부,2015-03-06 00:00:00,125000000,0,점유: 2015.03.07-
1231,전입    ,주거,미상,2015-07-30 00:00:00,0,0,"점유: 미상
윤희상:부부"
1231,전입    ,주거,전부,2015-07-30 00:00:00,400000000,0,점유: 2015.07.30-2017.07.30
1232,전입    ,주거,전부,2016-02-29 00:00:00,20000000,400000,점유: 2016.02.27-
1235,전입    ,주거,,2008-08-21 00:00:00,0,0,점유: 미상
1236,전입    ,주거,방2,2014-07-02 00:00:00,66000000,0,점유: 2014.07.02-
1238,전입    ,주거,미상,2016-06-16 00:00:00,0,0,점유: 미상
1239,전입    ,주거,303호전부,2015-04-21 00:00:00,60000000,250000,점유: 2015.04.21-
1240,전입    ,주거,방1,2015-11-04 00:00:00,5000000,150000,점유: 2015.11.02-
1242,전입    ,주거,전부,2014-06-27 00:00:00,115000000,0,점유: 2014.08.09-
1243,전입    ,주거,미상,2012-10-26 00:00:00,0,0,점유: 미상
1247,전입    ,주거,방2,2015-03-04 00:00:00,50000000,0,점유: 2015.03.04-
1248,점유    ,주거,전부,1111-11-11 00:00:00,450000000,0,"점유: 2013.10.31-2015.10.31
전세권자"
1249,전입    ,주거,,2014-04-21 00:00:00,190000000,0,점유: 2014.04.26-현재
1251,전입    ,주거,미상,2015-02-25 00:00:00,0,0,점유: 미상
1254,전입    ,주거,미상,2013-02-18 00:00:00,0,0,점유: 미상
1260,전입    ,주거,전부,2008-09-29 00:00:00,50000000,0,"점유: 2008.06.28-
2차보증금:6000만
백양자와공동임차인"
1260,전입    ,주거,전부,2008-07-14 00:00:00,50000000,0,"점유: 2008.06.28-
2차보증금:6000만"
1261,전입    ,주거,전부,2010-05-14 00:00:00,100000000,0,점유: 2010.05.05-
1263,전입    ,주거,미상,2011-05-03 00:00:00,0,0,점유: 미상
1264,전입    ,주거,전부,2015-12-21 00:00:00,480000000,0,점유: 2015.12.21-2017.12.20
1266,전입    ,주거,전부,2013-03-11 00:00:00,360000000,0,점유: 2013.03.11-
1267,전입    ,주거,,2009-03-27 00:00:00,0,0,점유: 미상
1268,전입    ,주거,,2016-10-11 00:00:00,0,0,점유: 미상
1270,전입    ,주거,전부,2011-09-30 00:00:00,100000000,0,점유: 2011.09.30-현재
1271,전입    ,주거,미상,2016-04-05 00:00:00,0,0,"점유: 미상
서복례와부부사이"
1271,전입    ,주거,전부,2016-04-05 00:00:00,230000000,0,점유: 2016.04.06-
1277,전입    ,주거,전부,2015-11-19 00:00:00,180000000,0,점유: 2015.11.19-
1279,전입    ,주거,방3,2010-04-07 00:00:00,40000000,800000,점유: 2010.04.09-
1281,전입    ,주거,방1,2013-02-28 00:00:00,30000000,0,점유: 2012.03.20-2014.03.19
1281,전입    ,미상,미상,2013-02-28 00:00:00,0,0,"점유: 미상
조사서상"
1286,전입    ,,,2006-12-12 00:00:00,0,0,조사서상
1287,전입    ,주거,전부(방3칸),2002-12-04 00:00:00,125000000,0,점유: 2008.4.21-
1291,전입    ,주거,전부방4,2011-12-23 00:00:00,180000000,0,점유: 2011.12.22-2015.12.22
1295,전입    ,,2303호,2010-05-03 00:00:00,0,0,오숙희의 자녀
1295,전입    ,,2303호,2005-07-28 00:00:00,0,0,오숙희의 남편
1295,전입    ,주거,방4,2003-11-14 00:00:00,160000000,0,"점유: 2003.06.26-
1차:1억6000만
2차:1억8000만"
1298,전입    ,,905호,2014-11-11 00:00:00,0,0,조사서상
1299,전입    ,주거,701호,2008-06-02 00:00:00,0,0,"채무자겸소유자 김현의 배우자
조사서상"
1300,전입    ,주거,전부,2012-11-12 00:00:00,140000000,0,"부부:조은경
조사서상"
1300,전입    ,주거,방2,2012-11-12 00:00:00,140000000,0,점유: 2012.11.12-
1304,전입    ,,202호,2005-10-31 00:00:00,0,0,조사서상
1304,전입    ,,202호,2012-06-28 00:00:00,0,0,조사서상
1310,전입    ,,707호,2013-10-16 00:00:00,0,0,"윤평앙의 자녀
조사서상"
1310,전입    ,,방3,2013-10-16 00:00:00,30000000,200000,점유: 2013.10.20-2015.06.26
1311,전입    ,주거,203호방3,2014-05-01 00:00:00,190000000,0,"점유: 2013.12.04-2015.12.03
전세권자
조사서상전입:
2013.12.23(양원천)"
1315,전입    ,주거,방3,2014-03-27 00:00:00,70000000,0,"점유: 2014.03.20-2016.03.20
조사서상:1억"
1318,전입    ,주거,방1,2010-04-13 00:00:00,100000000,0,"점유: 2010.04.10-
소유자 김만호의 동생"
1322,전입    ,주거,전부방3,2013-10-02 00:00:00,28000000,0,"점유: 2013.10.05-
조사서상:2500만"
1323,전입    ,,일부방1,2013-10-02 00:00:00,3000000,300000,점유: 2012.03.20-2013.05.30
1326,전입    ,주거,방4,2011-03-29 00:00:00,220000000,0,점유: 2011.03.25-
1327,전입    ,,방2,2015-04-30 00:00:00,30000000,300000,점유: 2015.04.27-2017.04.26
1327,전입    ,,방1,2015-06-02 00:00:00,25000000,100000,점유: 2015.06.02-2017.06.01
1329,전입    ,,1109호,1997-10-15 00:00:00,0,0,조사서상
1333,전입    ,,방3,2011-03-31 00:00:00,130000000,0,점유: 2011.03.30-
1336,전입    ,,102-501호,2015-02-03 00:00:00,0,0,조사서상
1338,전입    ,주거,전부,2010-07-28 00:00:00,60000000,0,"배우자:서현주
조사서상"
1338,전입    ,,10동101호,2008-10-02 00:00:00,0,0,조사서상
1338,전입    ,주거,방2,2010-07-28 00:00:00,60000000,0,점유: 2010.07.23-2015.10.16
1339,전입    ,,1401호,2014-10-23 00:00:00,0,0,박영미의 남편
1339,전입    ,주거,1401호,2014-10-23 00:00:00,300000000,0,점유: 2014.10.23-2016.10.22
1342,전입    ,주거,전부,2008-06-13 00:00:00,290000000,0,"점유: 미상
조사서상"
1343,전입    ,주거,전부방3,2011-08-17 00:00:00,155000000,0,점유: 2011.08.12-
1345,전입    ,,방3,2014-06-02 00:00:00,32000000,500000,"점유: 2014.06.05-2016.06.04
계약자:박소영"
1346,전입    ,주거,2002호전부,2012-12-26 00:00:00,209000000,0,"점유: 2012.12.27-2015.12.27
임차권자
등기부상:2억3000만"
1348,점유    ,,전부,1111-11-11 00:00:00,10000000,0,"점유: 2015.03.05-2017.03.04
전세권자
등기부상"
1350,전입    ,주거,전부방4,2014-05-07 00:00:00,380000000,0,점유: 2014.04.28-2016.04.27
1353,전입    ,주거,전부방3,2015-07-23 00:00:00,20000000,600000,점유: 2015.05.29-2017.05.29
1355,전입    ,주거,전부,2009-07-27 00:00:00,300000000,0,배우자:이영숙
1355,전입    ,주거,방4,2009-07-27 00:00:00,300000000,0,점유: 2009.07.27-
1359,전입    ,,,2010-11-01 00:00:00,0,0,"점유: 미상
조사서상"
1365,전입    ,주거,방2,2014-05-08 00:00:00,10000000,0,점유: 2014.05.08-
1365,전입    ,미상,,2012-08-14 00:00:00,0,0,"점유: 미상
조사서상"
1366,전입    ,주거,1502호방4,2009-05-04 00:00:00,320000000,0,점유: 2009.04.30-
1368,전입    ,,방2,2011-01-24 00:00:00,38000000,0,"점유: 2010.02.16-2018.12.31
채무자겸소유자 유현섭의 누이"
1373,전입    ,주거,방2,2013-08-30 00:00:00,50000000,500000,점유: 2013.08.05-2015.08.04
1374,전입    ,,,2010-01-21 00:00:00,0,0,"점유: 미상
조사서상"
1375,전입    ,,401호,2015-08-20 00:00:00,0,0,"부부:강혜숙
조사서상"
1375,전입    ,,방3,2015-08-20 00:00:00,50000000,500000,점유: 2015.08.20-2017.08.19
1377,전입    ,주거,전부,2015-07-27 00:00:00,350000000,0,점유: 2015.07.24-2017.07.24
1378,전입    ,주거,전부방3,2015-07-27 00:00:00,10000000,50000,점유: 2015.07.25-2017.07.24
1378,전입    ,,103호,2004-12-06 00:00:00,0,0,조사서상
1379,점유    ,주거,전부,1111-11-11 00:00:00,20000000,0,"점유: 2015.06.12-2016.06.12
김용섭
등기부상"
1381,전입    ,주거,전부방3,2013-10-18 00:00:00,220000000,0,"점유: 2013.10.18-
조사서상:2억5000만"
1381,전입    ,,401호,2006-11-08 00:00:00,0,0,조사서상
1382,전입    ,,404호,2014-05-20 00:00:00,0,0,조사서상
1383,점유    ,주거,전부,1111-11-11 00:00:00,20000000,0,"점유: 2015.06.15-2016.06.15
등기부상"
1384,전입    ,,,2012-05-01 00:00:00,0,0,조사서상
1384,전입    ,,방1,2015-03-23 00:00:00,35000000,300000,점유: 2015.03.23-2017.03.22
1386,전입    ,주거,방2,2010-07-12 00:00:00,72000000,0,점유: 2010.07.12-2012.07.11
1389,전입    ,,1207호,2012-02-22 00:00:00,0,0,조사서상
1391,전입    ,주거,전부,2013-11-08 00:00:00,150000000,0,점유: 2013.11.08-2015.11.07
1392,전입    ,주거,방2,2013-10-10 00:00:00,130000000,0,점유: 2013.10.13-
1397,전입    ,,301호,2015-01-21 00:00:00,0,0,조사서상
1397,전입    ,,301호,2010-06-29 00:00:00,0,0,"채무자의 대표이사
조사서상"
1398,전입    ,주거,전부,1999-01-06 00:00:00,80000000,0,"점유: 2008.03.18-2010.03.18
임차권자
망 조옥순의 상속인:장재호
조사서상전입:
2008.03.19"
1399,전입    ,,1302호,1999-04-10 00:00:00,0,0,조사서상
1400,전입    ,,방2,2007-03-22 00:00:00,140000000,0,"점유: 2009.05.05-2011.05.04
채무자겸소유자 김동훈 배우자"
1402,전입    ,,1201호,2014-12-10 00:00:00,0,0,조사서상
1406,전입    ,주거,전부,2013-12-12 00:00:00,110000000,500000,"점유: 2013.12.13-2015.12.12
등기부상"
1409,전입    ,,302호,2010-04-19 00:00:00,0,0,"채무자 이혜경의 배우자
조사서상"
1411,점유    ,주거,104호전부,1111-11-11 00:00:00,20000000,0,"개명전:홍표용
임차권자
등기부상:
2000만/40만(증액전30만)"
1412,전입    ,주거,방4,2012-11-05 00:00:00,340000000,0,"점유: 2008.11.10-2016.03.14
조사서상전입:
2008.10.16"
1413,전입    ,주거,전부방3,2005-05-02 00:00:00,160000000,0,점유: 2010.12.14-2017.09.03
1414,전입    ,,,2009-03-13 00:00:00,0,0,조사서상
1415,전입    ,어린이집,전부방2,2009-09-28 00:00:00,25000000,550000,점유: 2009.09.23
1416,전입    ,,207호,2010-05-12 00:00:00,0,0,조사서상
1418,전입    ,주거,전부방2,2013-09-09 00:00:00,190000000,0,점유: 2012.10.31-
1419,전입    ,,914호,2014-02-21 00:00:00,0,0,조사서상
1419,전입    ,,914호,2014-03-14 00:00:00,0,0,조사서상
1420,전입    ,,101호,2007-10-24 00:00:00,0,0,"채무자겸소유자 (주)영풍단열의 대표이사
조사서상"
1421,전입    ,주거,전부방3,2014-06-05 00:00:00,98000000,0,"점유: 2014.05.17-2016.05.17
1억4000만원중9800만원"
1421,전입    ,주거,전부방3,2014-06-05 00:00:00,42000000,0,"점유: 2014.05.17-2016.05.16
1억4000만원중4200만원"
1423,전입    ,주거,일부(8층방1),2016-01-14 00:00:00,107000000,0,점유: 2015.11.05-2016.11.04
1424,전입    ,미상,103동204호,2013-08-01 00:00:00,0,0,점유: 미상
1426,전입    ,,502호,2004-03-26 00:00:00,0,0,조사서상
1426,전입    ,,502호,2015-05-14 00:00:00,0,0,조사서상
1433,전입    ,주거,702호전부,2012-06-22 00:00:00,205000000,0,"점유: 미상
박선영의 배우자
조사서상"
1433,전입    ,주거,전부방4,2012-06-22 00:00:00,205000000,0,점유: 2010.01.14-
1436,전입    ,주거,전부방3,2014-04-11 00:00:00,220000000,0,점유: 2014.04.11-2016.04.11
1439,전입    ,주거,전부,2011-08-22 00:00:00,0,0,"채무자겸소유자 김재숙의 자녀
조사서상"
1441,전입    ,주거,방3,2009-06-29 00:00:00,185000000,0,점유: 2009.07.11-2016.03.25
1443,전입    ,주거,,2014-02-10 00:00:00,0,0,"배우자:윤복순
조사서상"
1443,전입    ,주거,방3,2014-02-10 00:00:00,70000000,800000,점유: 2014.02.07-2018.02.07
1445,전입    ,주거,방2,2015-11-30 00:00:00,10000000,0,"점유: 2015.11.30-
임차금답변거절"
1446,전입    ,주거,전부방3,2014-04-04 00:00:00,250000000,0,점유: 2014.04.03-2016.04.02
1447,전입    ,,전부,2012-03-23 00:00:00,0,0,조사서상
1447,전입    ,,전부,2013-05-20 00:00:00,0,0,"김연태 배우자
조사서상"
1447,전입    ,주거,방3,2013-05-20 00:00:00,150000000,0,점유: 2013.05.20-
1449,전입    ,미상,406동204호,2003-09-15 00:00:00,0,0,"점유: 미상
소유자의모"
1450,전입    ,,전부,2007-10-10 00:00:00,0,0,"점유: 미상
조사서상"
1450,전입    ,,1층방1,2012-03-19 00:00:00,10000000,0,"점유: 2012.06.20-
남인숙의 전남편"
1450,전입    ,,방2,2016-03-21 00:00:00,5000000,300000,점유: 2016.03.07-2017.03.06
1451,전입    ,,,2016-03-18 00:00:00,20000000,0,점유: 2016.01.30-
1455,전입    ,주거,전부,2016-03-11 00:00:00,50000000,500000,
1457,전입    ,주거,전부,2009-08-20 00:00:00,320000000,0,점유: 2009.08.24-
1458,전입    ,주거,방3,2015-06-04 00:00:00,430000000,0,점유: 2015.06.04-2017.06.04
1460,전입    ,주거,방3,2015-03-30 00:00:00,400000000,0,점유: 2015.03.30-2017.03.30
1462,전입    ,,"전부방3,일부15층",2014-11-03 00:00:00,250000000,0,점유: 2014.11.03
1463,전입    ,주거,전부방2,2015-11-02 00:00:00,15000000,550000,점유: 2015.11.05-
1464,전입    ,,1207호,2008-01-17 00:00:00,0,0,조사서상
1464,점유    ,주거,전부,1111-11-11 00:00:00,10000000,0,점유: 2014.11.01-2016.11.01
1464,점유    ,,방2,1111-11-11 00:00:00,90000000,0,"점유: 2011.11.16-2012.05.15
전세권자"
1465,전입    ,주거,전부,2015-03-26 00:00:00,280000000,0,곽순란의 남편
1465,전입    ,주거,방3,2015-03-26 00:00:00,280000000,0,점유: 2015.03.06-2017.03.05
1468,전입    ,,전부,2007-01-03 00:00:00,0,0,조사서상
1469,전입    ,주거,전부방3,2008-10-22 00:00:00,100000000,0,점유: 2008.10.26-
1470,전입    ,,703호,2012-11-21 00:00:00,0,0,조사서상
1470,전입    ,,703호,2015-08-12 00:00:00,0,0,조사서상
1470,전입    ,,703호,2013-11-11 00:00:00,0,0,조사서상
1473,전입    ,주거,304호전부,2009-01-19 00:00:00,115000000,0,점유: 2009.01.05-2018.01.04
1476,전입    ,주거,801호방1,2015-05-26 00:00:00,15000000,100000,점유: 2015.05.15-2016.07.
1479,전입    ,주거,방1,2016-03-21 00:00:00,30000000,330000,점유: 2016.03.21-2018.03.21
1480,전입    ,주거,904호방2,2011-07-08 00:00:00,130000000,0,"점유: 2011.07.08-
임차권자"
1481,전입    ,주거,방2,2015-02-25 00:00:00,10000000,550000,"점유: 2015.03.07-
조사서상전입:
2013.07.22"
1482,전입    ,주거,방2,2015-06-08 00:00:00,10000000,680000,점유: 2015.06.-
1490,전입    ,주거,전부,2011-05-19 00:00:00,250000000,0,점유: 2011.05.20-
1492,전입    ,주거,전부방3,2013-03-08 00:00:00,300000000,0,점유: 2013.02.24-2017.02.24
1496,전입    ,주거,전부방3,2014-02-17 00:00:00,260000000,0,점유: 2014.02.13-2016.02.12
1497,전입    ,,1301호,2007-05-30 00:00:00,0,0,"처:김지화
조사서상"
1497,전입    ,주거,방3,2007-05-30 00:00:00,25000000,300000,점유: 2016.04.11-2017.04.11
1498,전입    ,주거,전부방2,2013-07-16 00:00:00,40000000,0,"점유: 2012.12.08-
채무자겸소유자 이혜정 오빠"
1501,전입    ,주거,전부방3,2016-02-29 00:00:00,40000000,500000,점유: 2016.01.28-2018.01.27
1503,전입    ,주거,방3,2010-07-01 00:00:00,180000000,0,점유: 2010.07.01-2012.06.29
1505,전입    ,,404호,2013-05-30 00:00:00,0,0,"김상희 배우자
조사서상"
1505,전입    ,주거,방2,2013-05-30 00:00:00,10000000,500000,점유: 2013.05.10-2014.05.09
1507,전입    ,주거,전부방3,2013-02-27 00:00:00,85000000,0,점유: 2013.02.27-
1509,전입    ,주거,,2009-05-14 00:00:00,0,0,
1510,전입    ,주거,1동701호,2006-06-05 00:00:00,0,0,"무상
조사서상"
1510,전입    ,주거,1동701호,2002-08-30 00:00:00,0,0,"무상
조사서상"
1511,전입    ,,방3,2015-03-23 00:00:00,80000000,0,점유: 2015.04.10-2017.04.10
1512,전입    ,주거,전부,2006-01-06 00:00:00,90000000,0,"임차권자
등기부상보증금및차임:58,785,714원/10만"
1512,전입    ,주거,전부,2007-05-02 00:00:00,58785714,100000,"임차권자
등기부상"
1515,전입    ,주거,전부(방3),2011-01-10 00:00:00,140000000,0,점유: 2013.1.15-2017.1.14
1519,전입    ,,801호,2005-07-04 00:00:00,0,0,조사서상
1521,전입    ,주거,방1,2006-05-22 00:00:00,20000000,0,점유: 2009.05.22-
1523,전입    ,,402호,2003-11-22 00:00:00,0,0,최길례의 배우자
1523,전입    ,주거,방3,2003-11-22 00:00:00,100000000,0,점유: 2003.11.19-
1526,전입    ,,,2011-10-19 00:00:00,0,0,점유: 미상
1531,전입    ,주거,방3,2013-11-12 00:00:00,240000000,0,점유: 2013.11.12-2017.11.12
1536,전입    ,주거,일부(방1),2015-04-09 00:00:00,60000000,0,점유: 2014.12.06-2016.12.06
1537,전입    ,주거,전부방2,2016-07-05 00:00:00,150000000,0,점유: 2016.07.05-2018.07.04
1538,전입    ,미상,전부,2013-07-01 00:00:00,0,0,점유: 미상
1539,전입    ,,401호,2002-10-08 00:00:00,0,0,
1540,전입    ,,504호,2016-08-24 00:00:00,0,0,
1542,전입    ,주거,전부방4,2012-10-30 00:00:00,20000000,1000000,점유: 2008.09.12-
1542,전입    ,,203호,2008-09-12 00:00:00,0,0,
1544,전입    ,,201호,2002-11-04 00:00:00,0,0,
1547,전입    ,,102호,2015-11-18 00:00:00,0,0,최순덕과부부
1547,전입    ,주거,방4,2015-11-18 00:00:00,25000000,900000,점유: 2015.05.09-
1549,전입    ,주거,전부방3,2011-04-12 00:00:00,130000000,0,"점유: 2011.04.01-2017.01.17
현황조사:1억4000만"
1553,전입    ,미상,,2016-01-11 00:00:00,0,0,점유: 미상
1553,전입    ,미상,방2,2016-01-11 00:00:00,60000000,0,점유: 2013.07.12-
1554,전입    ,,전부,2014-10-10 00:00:00,0,0,
1561,전입    ,주거,방1,2002-01-23 00:00:00,60000000,0,점유: 2002.02.01-2012.01.31
1564,전입    ,주거,방3,2015-07-17 00:00:00,270000000,0,점유: 2015.07.17-2017.07.16
1565,전입    ,주거,방4,2014-05-08 00:00:00,100000000,1000000,점유: 2014.05.08-
1566,전입    ,주거,방1,2015-11-13 00:00:00,35000000,0,점유: 2015.10.29-
1566,전입    ,,,2009-03-17 00:00:00,0,0,
1569,전입    ,주거,방5,2013-11-15 00:00:00,500000000,0,"점유: 2013.11.25-2017.11.25
현황조사:5억5000만"
1569,전입    ,,1401호,2013-01-22 00:00:00,0,0,
1574,전입    ,주거,전부방2,2010-12-29 00:00:00,105000000,0,점유: 2010.12.29-
1575,전입    ,주거,방3,2013-10-24 00:00:00,31000000,0,점유: 2013.10.24-2015.10.23
1583,전입    ,미상,709호,1993-10-06 00:00:00,0,0,점유: 미상
1583,전입    ,미상,709호,1991-06-01 00:00:00,0,0,점유: 미상
1585,전입    ,주거,방3,2011-08-11 00:00:00,100000000,1250000,"점유: 2011.08.11-
조사서상:1억"
1586,전입    ,,101동1305호,2011-01-07 00:00:00,0,0,조사서상
1590,전입    ,주거,전부,2000-06-03 00:00:00,0,0,"점유: 미상
노가영:부부"
1590,전입    ,주거,일부방2,2011-05-19 00:00:00,75000000,0,점유: 2010.10.11-2012.10.10
1590,전입    ,주거,일부방1,2008-03-10 00:00:00,29000000,0,점유: 2008.03.05-2009.03.05
1592,전입    ,주거,전부,1997-05-08 00:00:00,120000000,0,"김창원의 자녀
조사서상"
1592,전입    ,주거,방2,1998-12-09 00:00:00,120000000,0,"점유: 2003.02.18-
임차권자"
1593,전입    ,주거,전부방3,2015-06-08 00:00:00,150000000,0,점유: 2015.06.08-2017.06.07
1595,전입    ,,104동1204호,2013-12-09 00:00:00,0,0,조사서상
1596,전입    ,주거,전부방3,2015-06-09 00:00:00,400000000,0,점유: 2015.06.10-2017.06.10
1599,전입    ,주거,402호방3,2014-12-30 00:00:00,320000000,0,점유: 2014.12.30-2016.12.30
1601,전입    ,주거,2201호전부,2011-05-20 00:00:00,450000000,0,"배우자:한영애
조사서상"
1601,전입    ,주거,방4,2011-05-20 00:00:00,450000000,0,점유: 2011.05.17-
1602,전입    ,,302호전부,2013-08-19 00:00:00,180000000,0,점유: 2013.08.19-
1603,전입    ,주거,전부방2,2015-03-09 00:00:00,140000000,0,점유: 2015.03.21-2017.03.20
1607,전입    ,,605호,2014-04-18 00:00:00,0,0,
1607,전입    ,,605호,2014-03-20 00:00:00,0,0,
1608,전입    ,,방3,2007-01-02 00:00:00,35000000,0,점유: 2006.10.02-2007.10.01
1609,전입    ,,1405호,2015-03-19 00:00:00,0,0,조사서상
1611,전입    ,,전부방1,2016-04-01 00:00:00,30000000,0,점유: 2016.04.01-2018.03.31
1613,전입    ,주거,전부방3,2016-06-08 00:00:00,40000000,400000,점유: 2016.06.08-
1616,전입    ,주거,전부,2014-12-16 00:00:00,100000000,0,"점유: 2015.05.21-2017.05.21
현황조사:5000만/100만"
1619,전입    ,주거,전부방3,2011-04-19 00:00:00,200000000,0,점유: 2011.04.22-
1622,전입    ,주거,510호전부,2014-06-02 00:00:00,165000000,0,점유: 2014.05.30-2016.05.30
1622,전입    ,,510호,2014-06-02 00:00:00,0,0,승환준의 배우자 추정
1623,점유    ,,전부,1111-11-11 00:00:00,10000000,0,"점유: 2016.06.24-2017.06.23
등기부상"
1624,전입    ,,1009호,2015-08-25 00:00:00,0,0,
1625,점유    ,,전부,1111-11-11 00:00:00,6000000,0,등기부상
1629,전입    ,주거,전부,2009-11-03 00:00:00,100000000,280000,"점유: 2013.12.10-2015.12.09
임차권자
등기부상:1억"
1630,전입    ,주거,906호,2016-03-17 00:00:00,0,0,
1633,전입    ,,전부,2005-10-20 00:00:00,0,0,정혜경의 배우자
1633,전입    ,주거,전부방2,2005-10-20 00:00:00,10000000,650000,점유: 2004.05.30-
1637,전입    ,,407호,2007-01-16 00:00:00,0,0,
1638,전입    ,주거,B동601호,2011-04-07 00:00:00,0,0,
1640,점유    ,주거,전부,1111-11-11 00:00:00,0,0,점유: 미상
1644,전입    ,주거,501동901호방1,2005-12-20 00:00:00,50000000,0,점유: 2005.12.20-
1645,전입    ,주거,전부방4,2011-06-27 00:00:00,210000000,0,점유: 2011.06.27-
1647,전입    ,,전부방4,2015-07-14 00:00:00,420000000,0,점유: 2015.07.14-2017.07.14
1647,전입    ,,,2015-07-17 00:00:00,0,0,점유: 미상
1648,전입    ,,,2013-04-11 00:00:00,0,0,
1649,전입    ,주거,105호,2016-02-12 00:00:00,2000000,145000,
1649,전입    ,주거,전부,2016-02-12 00:00:00,60000000,0,"점유: 2016.02.29-2018.02.28
서울지역본부장
실거주자:이근혁
6000만(이근혁:200만,한국토지주택공사:5800만)"
1651,전입    ,,전부,2015-05-11 00:00:00,0,0,임차인 양수영 남편
1651,전입    ,,전부(방3),2015-05-11 00:00:00,300000000,0,점유: 2015.05.11-2017.05.11
1655,전입    ,미상,전부,2006-10-09 00:00:00,0,0,점유: 미상
1657,전입    ,미상,1006호,2013-05-29 00:00:00,0,0,점유: 미상
1659,전입    ,,전부,2011-12-22 00:00:00,0,0,
1659,전입    ,주거,전부,2010-10-29 00:00:00,70000000,0,점유: 2010.11.30-2012.11.29
1662,점유    ,주거,전부,1111-11-11 00:00:00,10000000,0,"점유: 2016.09.06-2018.09.05
전세권자
등기부상"
1666,전입    ,주거,302호,2014-04-08 00:00:00,140000000,0,점유: 2014.04.08-2016.04.07
1667,전입    ,미상,,2016-11-21 00:00:00,0,0,점유: 미상
1669,전입    ,미상,104동1504호,2009-10-27 00:00:00,0,0,점유: 미상
1672,전입    ,,일부(방3),2014-02-25 00:00:00,60000000,0,점유: 2014.02.07-
1672,전입    ,,일부(방2),2012-02-01 00:00:00,35000000,0,점유: 2012.07.02-
1673,전입    ,미상,304호,2015-10-02 00:00:00,0,0,점유: 미상
1684,전입    ,주거,전부,2014-03-26 00:00:00,200000000,0,점유: 2014.03.27-2017.06.07
1686,전입    ,주거,전부방3,2017-02-03 00:00:00,400000000,0,점유: 2017.02.04-2019.02.03
1691,전입    ,,,2016-02-04 00:00:00,0,0,채무자김미정:부부
1691,전입    ,,일부방2,2016-12-26 00:00:00,30000000,0,점유: 2016.02.04-2018.02.04
1691,전입    ,,,2016-12-26 00:00:00,0,0,김양호:부
1692,전입    ,주거,711호,2006-05-29 00:00:00,0,0,점유: 미상
1693,전입    ,주거,전부(방3),2009-02-23 00:00:00,175000000,0,"점유: 2009.02.21-2019.02.21
1차:12500만"
1695,전입    ,주거,,2014-12-31 00:00:00,0,0,"점유: 미상
소유자의모친"
1695,전입    ,주거,,2013-12-02 00:00:00,0,0,"점유: 미상
소유자의동생"
1701,전입    ,주거,전부,2011-04-04 00:00:00,300000000,0,점유: 2011.03.31-
1705,전입    ,,504호,2011-11-08 00:00:00,0,0,부부:김유선
1705,전입    ,주거,504호전부,2011-11-08 00:00:00,200000000,0,점유: 2013.11.04-
1707,전입    ,주거,전부,2014-11-11 00:00:00,185000000,0,점유: 2014.11.11-현재
1709,전입    ,,705호,2013-03-06 00:00:00,0,0,
1710,전입    ,미상,전부,1993-06-07 00:00:00,0,0,점유: 미상
1715,전입    ,주거,전부,2014-06-30 00:00:00,210000000,0,점유: 2014.06.30-현재
1716,전입    ,,전부,2017-02-02 00:00:00,20000000,600000,점유: 2017.02.01-2019.02.01
1718,전입    ,미상,205호,2009-03-09 00:00:00,0,0,점유: 미상
1718,전입    ,미상,"전부(방3),일부(2층방3)",2008-03-20 00:00:00,75000000,0,점유: 2008.01.30-현재
1719,전입    ,,전부,2017-01-18 00:00:00,250000000,0,점유: 2013.02.05-2019.02.04
1729,전입    ,미상,전부,2013-02-28 00:00:00,0,0,점유: 미상
1734,전입    ,주거,전부(방2),2009-10-28 00:00:00,115000000,0,점유: 2009.10.27-현재
1739,전입    ,주거,전부,2003-02-04 00:00:00,30000000,0,점유: 2017.11.08-현재
1741,전입    ,주거,전부방5,2017-01-10 00:00:00,370000000,0,점유: 2016.05.22-2018.05.21
1749,전입    ,주거,전부,2014-11-12 00:00:00,140000000,0,점유: 2014.11.12-2016.11.12
1751,전입    ,주거,전부방3,2011-09-22 00:00:00,210000000,0,점유: 2011.09.06-
1752,전입    ,미상,전부,2015-03-20 00:00:00,0,0,"점유: 미상
강두호와부부"
1752,전입    ,주거,전부(방2),2015-03-20 00:00:00,37000000,0,점유: 2015.03.20-2017.03.20
1753,전입    ,주거,전부(방3),2015-09-25 00:00:00,240000000,0,점유: 2015.09.22-2017.09.22
1756,전입    ,,1203호,2013-12-13 00:00:00,0,0,
1757,전입    ,주거,,2016-12-15 00:00:00,0,0,점유: 미상
1761,전입    ,,603호,2015-08-12 00:00:00,0,0,
1762,전입    ,,2304호,2016-08-31 00:00:00,0,0,
1766,전입    ,미상,전부(방2),2013-10-17 00:00:00,140000000,0,점유: 2013.10.14-2017.06.
1770,전입    ,미상,전부,2013-08-23 00:00:00,0,0,점유: 미상
1772,전입    ,주거,전부,2009-04-03 00:00:00,180000000,200000,점유: 2009.04.03-
1774,전입    ,주거,전부방3,2015-04-15 00:00:00,220000000,0,점유: 2015.04.15-2019.04.14
1775,전입    ,미상,전부방2,2014-09-19 00:00:00,165000000,0,점유: 2014.09.19-2018.09.19
1776,전입    ,주거,401호,2009-01-28 00:00:00,0,0,조사서상
1776,전입    ,주거,401호,2009-01-28 00:00:00,0,0,조사서상
1777,전입    ,주거,501호,2010-06-10 00:00:00,0,0,조사서상
1777,전입    ,주거,501호,2014-07-11 00:00:00,0,0,조사서상
1778,전입    ,주거,502호,2010-05-19 00:00:00,0,0,조사서상
1778,전입    ,주거,502호,2015-07-10 00:00:00,0,0,조사서상
1778,전입    ,주거,502호,2015-07-10 00:00:00,0,0,조사서상
1778,전입    ,주거,502호,2015-06-23 00:00:00,0,0,조사서상
1778,전입    ,주거,502호,2015-07-10 00:00:00,0,0,조사서상
1778,전입    ,주거,502호,2015-07-10 00:00:00,0,0,조사서상
1778,전입    ,주거,502호,2015-07-10 00:00:00,0,0,조사서상
1779,전입    ,주거,601호,2010-09-20 00:00:00,0,0,조사서상
1779,전입    ,주거,601호,2012-11-06 00:00:00,0,0,조사서상
1780,전입    ,주거,602호,2015-12-24 00:00:00,0,0,조사서상
1781,전입    ,주거,701호,2011-02-23 00:00:00,0,0,조사서상
1781,전입    ,주거,701호,2014-07-22 00:00:00,0,0,조사서상
1782,전입    ,주거,702호,2010-08-20 00:00:00,0,0,조사서상
1782,전입    ,주거,702호,2012-10-15 00:00:00,0,0,조사서상
1783,전입    ,주거,801호,2009-10-26 00:00:00,0,0,조사서상
1785,전입    ,주거,901호,2007-09-19 00:00:00,0,0,조사서상
1785,전입    ,주거,901호,2013-04-10 00:00:00,0,0,조사서상
1786,전입    ,주거,902호,2009-02-13 00:00:00,0,0,조사서상
1787,전입    ,주거,1001호,2008-01-25 00:00:00,0,0,조사서상
1787,전입    ,주거,1001호,2008-02-12 00:00:00,0,0,조사서상
1788,전입    ,주거,1002호,2011-11-21 00:00:00,0,0,조사서상
1789,전입    ,주거,1101호,2007-09-13 00:00:00,0,0,조사서상
1789,전입    ,주거,1101호,2008-01-10 00:00:00,0,0,조사서상
1790,전입    ,주거,1102호,2008-09-10 00:00:00,0,0,조사서상
1791,전입    ,주거,1201호,2007-10-22 00:00:00,0,0,조사서상
1792,전입    ,주거,1202호,2010-12-08 00:00:00,0,0,조사서상
1793,전입    ,주거,1301호,2010-02-04 00:00:00,0,0,조사서상
1793,전입    ,주거,1301호,2012-09-14 00:00:00,0,0,조사서상
1794,전입    ,주거,1302호,2010-10-01 00:00:00,0,0,조사서상
1794,전입    ,주거,1302호,2015-01-20 00:00:00,0,0,조사서상
1795,전입    ,주거,1401호,2012-03-30 00:00:00,0,0,조사서상
1795,전입    ,주거,1401호,2012-03-30 00:00:00,0,0,조사서상
1796,전입    ,주거,1402호,2007-09-21 00:00:00,0,0,조사서상
1797,전입    ,주거,1502호,2009-03-16 00:00:00,0,0,조사서상
1797,전입    ,주거,1502호,2012-07-30 00:00:00,0,0,조사서상
1801,점유    ,주거,,1111-11-11 00:00:00,0,0,조사서상
1802,전입    ,주거,,1994-05-23 00:00:00,0,0,조사서상
1803,점유    ,주거,1024호전부,1111-11-11 00:00:00,60000000,250000,"점유: 2013.08.27-2014.10.02
전세권자
등기부상:6000만
조사서상:6000만"
1803,전입    ,주거,,2013-08-21 00:00:00,0,0,조사서상
1807,전입    ,주거,,2011-06-23 00:00:00,0,0,조사서상
1809,전입    ,주거,전부,2005-02-15 00:00:00,60000000,1000000,점유: 2014.04.02-
1812,전입    ,주거,1103호전부,2014-12-18 00:00:00,20000000,1200000,"점유: 2014.12.18-
임차권자"
1813,전입    ,주거,전부,2007-03-06 00:00:00,135000000,0,점유: 2007.03.06-
1818,전입    ,주거,,1998-05-13 00:00:00,0,0,"소유자의 배우자
조사서상"
1821,전입    ,주거,110호전부,2015-09-17 00:00:00,5000000,200000,"조사서상점유:
2013.03.04-
2015.03.03"
1822,전입    ,주거,,2015-02-23 00:00:00,0,0,조사서상
1826,점유    ,주거,402호전부,1111-11-11 00:00:00,75000000,0,"점유: 2013.04.23-
김성환,문대진
전세권자
등기부상"
1827,점유    ,주거,전부,1111-11-11 00:00:00,50000000,0,"점유: 2011.10.15-
등기부상"
1828,점유    ,주거,일부방1,1111-11-11 00:00:00,500000,200000,조사서상
1828,전입    ,주거,,2003-10-07 00:00:00,0,0,"소유자어머니
조사서상"
1832,전입    ,주거,전부,2011-04-04 00:00:00,50000000,0,점유: 2011.04.04-2012.04.09
1837,전입    ,주거,,2009-08-27 00:00:00,0,0,조사서상
1838,전입    ,주거,,2006-11-30 00:00:00,0,0,조사서상
1840,전입    ,주거,일부방1,2014-07-15 00:00:00,18000000,0,점유: 2014.07.15-
1840,점유    ,주거,일부방1,1111-11-11 00:00:00,17000000,0,점유: 2014.07.15-
1841,전입    ,주거,,2011-02-07 00:00:00,0,0,조사서상
1844,전입    ,주거,전부,2014-12-26 00:00:00,3000000,0,"점유: 2014.02.17-
조사서상"
1844,점유    ,주거,전부,1111-11-11 00:00:00,60000000,0,"점유: 2006.01.10-
전세권자"
1845,전입    ,주거,1712호전부,2004-11-25 00:00:00,38600000,0,"임차권자
등기부상점유:
2004.11.25-"
1846,전입    ,주거,,2009-10-28 00:00:00,0,0,조사서상
1846,점유    ,주거,전부,1111-11-11 00:00:00,37900000,0,"점유: 2007.02.02-
전세권자
등기부상"
1852,점유    ,주거,302호전부,1111-11-11 00:00:00,140000000,0,"점유: 2011.11.24-2013.11.01
전세권자
등기부상"
1855,전입    ,주거,일부,2015-04-14 00:00:00,20000000,0,점유: 2015.04.14-2017.04.13
1859,전입    ,주거,전부,2015-04-27 00:00:00,60000000,200000,점유: 2015.04.25-
1860,전입    ,주거,전부,2015-05-06 00:00:00,60000000,150000,점유: 2015.03.31-1년
1861,전입    ,주거,전부,2015-05-27 00:00:00,80000000,0,점유: 2015.06.06-1년
1862,전입    ,주거,전부,2015-04-21 00:00:00,30000000,450000,점유: 2015.04.21-2년
1863,전입    ,주거,전부,2015-04-27 00:00:00,80000000,0,점유: 2015.04.27-2년
1864,전입    ,주거,전부,2015-07-03 00:00:00,80000000,0,점유: 2015.07.20-1년
1866,전입    ,주거,전부,2015-04-28 00:00:00,15000000,600000,점유: 2015.02.25-
1867,전입    ,주거,전부,2015-04-20 00:00:00,80000000,0,점유: 2015.04.20-2년
1870,전입    ,주거,방2,2013-03-19 00:00:00,50000000,0,점유: 2013.03.19-
1870,전입    ,주거,,2012-05-21 00:00:00,0,0,조사서상
1871,전입    ,주거,,1997-01-14 00:00:00,0,0,조사서상
1877,전입    ,주거,전부,2013-11-13 00:00:00,230000000,0,점유: 2013.11.13-
1878,전입    ,주거,,1997-11-08 00:00:00,0,0,조사서상
1880,전입    ,주거,전부,2008-11-20 00:00:00,45000000,0,"조사서상:2500만
등기부상점유:
2011.06.14까지"
1881,전입    ,주거,전부,1992-06-06 00:00:00,31000000,0,"조사서상점유:
1995.07.24-"
1883,전입    ,주거,전부,2010-06-10 00:00:00,90000000,0,점유: 2010.05.20-
1898,전입    ,주거,방1,2015-08-24 00:00:00,20000000,0,점유: 2015.07.20-2017.07.19
1901,전입    ,주거,전부,2011-05-23 00:00:00,145000000,0,점유: 2011.05.21-24개월
1902,전입    ,주거,전부,2013-12-27 00:00:00,32000000,0,점유: 2013.12.15-2015.12.15
1907,전입    ,주거,전부,2013-11-06 00:00:00,30000000,300000,점유: 2013.10.30-
1912,전입    ,주거,전부,2012-11-23 00:00:00,300000000,0,점유: 2012.09.12-3년
1914,전입    ,주거,전부,2013-10-04 00:00:00,180000000,0,"점유: 2013.10.04-
임차권자
등기부상"
1915,전입    ,주거,전부,2013-12-24 00:00:00,130000000,0,"점유: 2013.12.20-
임차권자"
1917,전입    ,주거,전부,2007-04-24 00:00:00,70000000,0,점유: 2007.04.24-
1917,전입    ,주거,,2007-04-24 00:00:00,0,0,"부부:박경숙
조사서상"
1919,전입    ,주거,,2007-10-31 00:00:00,0,0,조사서상
1923,전입    ,주거,603호전부,2013-04-08 00:00:00,35000000,400000,"조사서상점유:
2012.06.15-"
1924,점유    ,주거,,1111-11-11 00:00:00,0,0,"점유: 2014.11.10-
조사서상"
1928,전입    ,주거,,2012-11-23 00:00:00,0,0,조사서상
1929,전입    ,주거,,2011-04-19 00:00:00,0,0,"소유자의 외삼촌
조사서상"
1931,전입    ,주거,전부,2011-07-29 00:00:00,50000000,0,"등기부상점유:
2013.07.10-
2014.07.29
조사서상:
점유 2014.07.25-
1차확정:2011.07.29
2차확정:2013.07.10
3차확정:2014.07.25"
1933,전입    ,주거,,2015-03-17 00:00:00,0,0,"채무자
조사서상"
1936,점유    ,주거,전부,1111-11-11 00:00:00,90000000,0,"점유: 2011.06.21-
전세권자
등기부상"
1938,전입    ,주거,전부,2014-11-10 00:00:00,140000000,0,"점유: 2014.11.25-
등기부상"
1943,전입    ,주거,302호전부,2013-10-10 00:00:00,160000000,0,"등기부상점유:
2013.10.07-
2015.10.06"
1946,점유    ,주거,,1111-11-11 00:00:00,0,0,
1948,전입    ,주거,전부,2012-05-08 00:00:00,42000000,0,점유: 2012.05.08-
1951,전입    ,주거,,2015-09-09 00:00:00,0,0,조사서상
1952,전입    ,주거,전부,2012-10-30 00:00:00,70000000,0,점유: 2012.10.29-2014.10.28
1953,전입    ,주거,,2015-04-20 00:00:00,0,0,조사서상
1955,전입    ,주거,전부,2013-01-14 00:00:00,100000000,300000,점유: 2013.01.04-2015.01.03
1959,전입    ,주거,,2013-03-06 00:00:00,0,0,조사서상
1960,전입    ,주거,전부,2013-05-15 00:00:00,120000000,0,점유: 2013.04.21-
1968,전입    ,주거,608호,2015-11-02 00:00:00,0,0,조사서상
1968,전입    ,주거,방3중방1,2015-12-14 00:00:00,20000000,0,"점유: 2015.05.16-
2016.05.11.자타주소전출"
1969,전입    ,주거,방3,2015-01-22 00:00:00,50000000,0,점유: 2010.10.29-
1970,전입    ,주거,전부,2014-07-29 00:00:00,40000000,0,점유: 2014.07.31-
1970,점유    ,주거,,1111-11-11 00:00:00,0,0,조사서상
1970,점유    ,주거,,1111-11-11 00:00:00,0,0,조사서상
1975,전입    ,주거,,2016-01-22 00:00:00,0,0,조사서상
1976,전입    ,주거,전부,2012-02-15 00:00:00,50000000,650000,점유: 2012.01.31-
1977,전입    ,주거,방1,2015-06-09 00:00:00,30000000,0,"점유: 2015.01.27-2017.01.27
임차권자"
1978,전입    ,주거,,2003-12-17 00:00:00,0,0,"소유자의 아들
조사서상"
1981,전입    ,주거,전부,2013-07-23 00:00:00,40000000,150000,점유: 2013.07.20-2014.07.19
1983,전입    ,주거,전부,2014-11-17 00:00:00,30000000,900000,점유: 2014.11.17-2016.11.16
1986,점유    ,주거,전부,1111-11-11 00:00:00,50000000,0,"점유: 2013.04.26-
등기부상"
1987,전입    ,주거,304호,2005-04-19 00:00:00,8000000,0,점유: 2005.04.10-
1990,전입    ,주거,전부,2011-10-11 00:00:00,180000000,0,"점유: 2011.10.05-
등기부상"
1993,전입    ,주거,일부방1,2010-07-05 00:00:00,20000000,100000,"점유: 2015.10.30-
서복남:"
1993,전입    ,주거,일부방2,1997-03-14 00:00:00,20000000,100000,점유: 1997.03.14-
1999,전입    ,주거,전부,2012-05-02 00:00:00,15000000,300000,점유: 2012.04.29-
2000,전입    ,주거,전부,2013-12-30 00:00:00,25000000,200000,"점유: 2015.10.15-2017.10.15
임차권자"
2001,전입    ,주거,전부,2015-04-01 00:00:00,50000000,1100000,점유: 2015.02.26-
2004,전입    ,주거,전부,2016-02-22 00:00:00,50000000,0,"점유: 2016.02.23-
소유자 아버지"
2004,전입    ,주거,,2015-03-19 00:00:00,0,0,"김정식 배우자
조사서상"
2006,전입    ,주거,전부,2005-11-22 00:00:00,90000000,0,점유: 2005.11.22-
2008,전입    ,주거,전부,2014-10-27 00:00:00,180000000,0,"점유: 2014.09.22-
모 김경덕의 전입신고일"
2009,전입    ,주거,,2012-12-07 00:00:00,0,0,조사서상
2011,전입    ,주거,전부,2013-12-23 00:00:00,35000000,0,점유: 2013.12.27-
2011,전입    ,주거,51호,2013-12-23 00:00:00,0,0,조사서상
2013,전입    ,주거,1304호전부,2015-07-04 00:00:00,150000000,0,"점유: 2015.07.03-
임차권자
등기부상"
2015,전입    ,주거,전부,2013-06-10 00:00:00,30000000,180000,점유: 2013.04.08-
2018,전입    ,주거,,2008-06-17 00:00:00,0,0,조사서상
2024,전입    ,주거,,1999-12-18 00:00:00,0,0,"소유자의 어머니
조사서상"
2025,전입    ,주거,전부,2010-11-05 00:00:00,40000000,0,"점유: 2010.11.05-
임차권자
등기부상"
2026,전입    ,주거,,2014-01-10 00:00:00,0,0,조사서상
2033,전입    ,주거,,1993-11-24 00:00:00,0,0,조사서상
2040,전입    ,주거,전부,2016-03-11 00:00:00,10000000,500000,점유: 2015.10.23-
2047,전입    ,주거,전부,2015-02-06 00:00:00,20000000,550000,"조사서상점유:
2016.11.19-24개월"
2048,전입    ,주거,전부,2000-01-17 00:00:00,50000000,0,점유: 2000.01.17-
2055,전입    ,주거,전부,2013-06-28 00:00:00,5000000,400000,점유: 2012.05.08-
2059,전입    ,주거,전부,2013-02-04 00:00:00,150000000,0,"점유: 2012.08.20-
이수원은 미전입(이수원의 딸 이채원이 2013.02.04전입)"
2062,전입    ,주거,전부,2016-02-04 00:00:00,35000000,290000,점유: 2016.02.04.-2017.01.18.
2066,전입    ,주거,방1,2016-06-07 00:00:00,20000000,0,점유: 2016.05.17-
2070,전입    ,주거,방1,2016-06-03 00:00:00,20000000,0,점유: 2016.06.03.-24개월
2075,전입    ,주거,전부,2010-05-31 00:00:00,50000000,0,점유: 2011.06.15-
2077,전입    ,주거,,2016-04-05 00:00:00,0,0,
2077,전입    ,주거,,2008-01-31 00:00:00,0,0,
2078,전입    ,주거,전부,2016-05-09 00:00:00,20000000,550000,점유: 2016.04.30-2018.04.29
2080,전입    ,주거,,2011-04-25 00:00:00,0,0,조사서상
2082,전입    ,주거,방4,2015-05-08 00:00:00,290000000,0,점유: 2015.05.08-
2086,전입    ,주거,전부,1999-05-26 00:00:00,20000000,0,"소유자 형
조사서상"
2088,점유    ,주거,전부,1111-11-11 00:00:00,140000000,0,"점유: 2014.02.21-2016.02.20
등기부상"
2089,전입    ,주거,1103호전부,2016-01-28 00:00:00,190000000,0,점유: 2016.01.28-2018.01.27
2093,점유    ,주거,,1111-11-11 00:00:00,0,0,한정상속인
2095,전입    ,주거,,2015-03-19 00:00:00,0,0,
2098,전입    ,주거,전부,2014-07-29 00:00:00,50000000,0,점유: 2014.06.26-2016.06.25
2104,전입    ,주거,전부,2016-04-26 00:00:00,50000000,0,점유: 2016.04.22-2018.04.21
2108,전입    ,주거,일부방2,2016-07-11 00:00:00,80000000,0,점유: 2015.04.20-
2109,전입    ,주거,1304호전부,2014-06-30 00:00:00,80000000,0,"점유: 2014.06.19-2016.06.18
임차권자"
2110,전입    ,주거,601호방1,2016-04-29 00:00:00,60000000,0,"점유: 2016.04.20-2018.04.19
채무자의 자부"
2114,전입    ,주거,전부,2016-01-18 00:00:00,70000000,0,점유: 2015.05.15-2017.05.15
2115,전입    ,주거,1302호전부,2014-01-21 00:00:00,190000000,0,점유: 2014.01.17-2016.01.17
2120,전입    ,주거,704호전부,2015-12-04 00:00:00,10000000,200000,현황조사점유:2015.10.21-24개월
2123,전입    ,주거,전부,1991-03-01 00:00:00,30000000,0,점유: 1996.07.01-
2124,전입    ,주거,,1999-06-18 00:00:00,0,0,
2126,전입    ,주거,전부,2014-05-19 00:00:00,30000000,0,점유: 2014.03.01-2018.02.28
2127,전입    ,주거,방3,2014-12-04 00:00:00,15000000,0,점유: 2014.12.04-2016.12.03
2131,전입    ,주거,전부,2008-04-14 00:00:00,0,0,
2133,점유    ,주거,일부,1111-11-11 00:00:00,40000000,400000,"점유: 2015.07.22-2년
미전입"
2140,전입    ,주거,전부,2016-05-11 00:00:00,340000000,0,점유: 2016.05.10-2018.05.09
2144,전입    ,주거,전부,2012-09-13 00:00:00,10000000,0,점유: 2012.09.12-
2148,전입    ,주거,,2015-02-17 00:00:00,0,0,
2153,전입    ,주거,일부방1,2014-12-31 00:00:00,15000000,100000,점유: 2014.12.30.-2016.12.29.
2154,점유    ,주거,전부,1111-11-11 00:00:00,70000000,0,"점유: 2012.01.31-2014.01.30
등기부상"
2159,전입    ,주거,,2016-04-08 00:00:00,0,0,
2165,전입    ,주거,전부,2016-08-10 00:00:00,20000000,300000,점유: 2016.08.10-2017.08.09
2166,전입    ,주거,,2015-02-09 00:00:00,0,0,
2168,전입    ,주거,전부,2016-02-19 00:00:00,20000000,700000,점유: 2016.02.24-
2169,전입    ,주거,전부,2013-11-07 00:00:00,170000000,0,"점유: 2013.11.02-
등기부상"
2170,전입    ,주거,전부,2013-12-19 00:00:00,170000000,0,"점유: 2015.12.30까지
전세권자
등기부상"
2171,전입    ,주거,1811호전부,2009-03-30 00:00:00,60000000,0,"점유: 2009.03.30-
전세권자
등기부상:5500만"
2172,전입    ,주거,,2013-07-05 00:00:00,0,0,
2176,전입    ,주거,전부,2016-03-16 00:00:00,380000000,0,점유: 2016.03.17.-2018.03.16.
2177,전입    ,주거,,2015-11-24 00:00:00,0,0,
2177,전입    ,주거,전부,2015-07-02 00:00:00,200000000,0,점유: 2015.04.13-
2178,전입    ,주거,,2011-04-12 00:00:00,0,0,
2182,전입    ,주거,전부,2011-05-25 00:00:00,0,0,
2187,전입    ,주거,,2016-10-02 00:00:00,0,0,
2190,전입    ,주거,방3중방1,2012-08-06 00:00:00,18000000,0,점유: 2012.07.15-
2191,전입    ,주거,1201호전부,2015-10-22 00:00:00,20000000,400000,점유: 2015.10.21-2017.10.21
2195,전입    ,주거,전부,2007-02-16 00:00:00,35000000,0,"점유: 1992.08.01.-
현황조사전입:2012.12.17
아들김대환전입일자"
2196,전입    ,주거,전부,1992-08-07 00:00:00,20000000,0,"점유: 1992.08.06.-
현황조사전입:2012.03.26
처신영례의전입일자"
2197,전입    ,주거,전부,1992-08-08 00:00:00,20000000,0,점유: 1992.08.05.-
2199,전입    ,주거,,2004-05-11 00:00:00,0,0,
2200,전입    ,주거,전부,1998-12-07 00:00:00,0,0,
2202,전입    ,주거,전부,2016-11-01 00:00:00,78000000,0,현황서상점유:2003.11.24-2005.11.24
2209,전입    ,주거,전부,2012-07-04 00:00:00,80000000,0,점유: 2012.06.27-2014.06.26
2209,점유    ,주거,,1111-11-11 00:00:00,0,0,
2212,점유    ,주거,,1111-11-11 00:00:00,0,0,
2214,전입    ,주거,,2016-10-24 00:00:00,0,0,
2217,전입    ,주거,,2005-06-22 00:00:00,0,0,
2217,점유    ,주거,,1111-11-11 00:00:00,110000000,0,"점유: 2005.1.21-2007.1.21
전세권자"
2219,전입    ,주거,,2007-10-31 00:00:00,0,0,
2222,전입    ,주거,전부,1999-06-15 00:00:00,80000000,0,점유: 1999.07.31-24개월
2225,점유    ,주거,,1111-11-11 00:00:00,0,0,
2226,전입    ,주거,,2014-01-17 00:00:00,0,0,
2229,전입    ,주거,전부,2015-06-30 00:00:00,50000000,150000,점유: 2015.06.27.-24개월
2231,전입    ,주거,,2016-09-22 00:00:00,0,0,
2231,전입    ,주거,303호전부,2010-08-16 00:00:00,60000000,0,등기부상점유:2011.12.16
2237,전입    ,주거,전부,2014-12-16 00:00:00,20000000,500000,점유: 2014.12.11.-현재
2238,전입    ,주거,전부,2017-01-09 00:00:00,30000000,500000,점유: 2016.12.20-
2241,전입    ,주거,전부,2007-12-07 00:00:00,55000000,0,점유: 2003.10.12
2244,전입    ,주거,전부,2014-12-04 00:00:00,100000000,0,점유: 2014.12.05-2016.12.04
2250,전입    ,주거,전부,2015-01-20 00:00:00,180000000,0,점유: 2015.01.20-
2251,전입    ,주거,일부,2011-07-07 00:00:00,7000000,0,"점유: 2011.07.07-
소유자의 동거인"
2254,전입    ,주거,전부,2013-10-28 00:00:00,160000000,0,"점유: 2013.10.28-
등기부상"
2256,전입    ,주거,전부,2007-11-28 00:00:00,0,0,조사서상
2257,전입    ,주거,전부,2013-12-04 00:00:00,20000000,200000,점유: 2013.12.01-
2258,전입    ,주거,전부,2014-01-08 00:00:00,80000000,0,점유: 2014.01.03-2016.01.02
2260,전입    ,주거,303호,2001-08-27 00:00:00,0,0,조사서상
2261,점유    ,주거,전부,1111-11-11 00:00:00,50000000,0,"점유: 2010.11.01-2012.10.31
등기부상"
2261,전입    ,주거,,2004-09-21 00:00:00,0,0,
2262,전입    ,주거,,2015-05-28 00:00:00,0,0,"소유자 배우자
조사서상"
2265,전입    ,주거,방1,2016-03-31 00:00:00,30000000,0,점유: 2016.03.10-
2267,전입    ,주거,일부방2,2015-11-02 00:00:00,40000000,0,현황서상점유:2015.11.02
2272,점유    ,주거,,1111-11-11 00:00:00,0,0,조사서상
2272,전입    ,주거,전부,2015-11-03 00:00:00,40000000,0,점유: 2015.10.31-
2284,점유    ,주거,,1111-11-11 00:00:00,0,0,"공유자
조사서상"
2287,점유    ,주거,1001호전부,1111-11-11 00:00:00,60000000,0,"점유: 2007.08.27-2009.08.26
전세권자
등기부상"
2288,전입    ,주거,,2014-11-27 00:00:00,0,0,조사서상
2291,전입    ,주거,401호방1,2014-07-10 00:00:00,25000000,0,"점유: 2014.07.08-60개월
임차권자"
2292,전입    ,주거,일부방1,2006-08-11 00:00:00,20000000,0,점유: 2008.08.10-36개월
2295,전입    ,주거,전부,2012-03-19 00:00:00,0,0,소유자의모
2299,전입    ,주거,1701호전부,2013-10-21 00:00:00,60000000,0,점유: 2013.10.15-현재
2301,전입    ,주거,전부,2013-10-28 00:00:00,55000000,0,점유: 2013.10.24-
2302,전입    ,주거,전부,2015-12-29 00:00:00,115000000,0,점유: 2016.01.09-2018.01.10
2303,점유    ,주거,,1111-11-11 00:00:00,0,0,점유: 2009.11.26-
2311,점유    ,주거,전부,1111-11-11 00:00:00,50000000,0,"점유: 2014.10.30-
망 변정숙의 자"
2311,전입    ,주거,,2016-08-16 00:00:00,0,0,
2312,전입    ,주거,,2002-08-28 00:00:00,0,0,
2314,전입    ,주거,방2,2016-09-21 00:00:00,50000000,0,점유: 2016.09.21-2018.09.20
2316,전입    ,주거,,2010-06-28 00:00:00,0,0,자녀하서우전입일
2321,전입    ,주거,전부,2014-04-28 00:00:00,130000000,0,점유: 2014.04.19-
2324,전입    ,주거,,2005-06-22 00:00:00,230000000,0,점유: 2005.02.02-2007.02.01
2329,점유    ,주거,전부,1111-11-11 00:00:00,70000000,0,"점유: 2014.06.16-2016.11.15
등기부상
전세권자
채권자"
2331,전입    ,주거,전부,2014-03-21 00:00:00,3000000,250000,점유: 2016.03.15.-
2332,전입    ,주거,큰방,2012-03-29 00:00:00,20000000,0,점유: 2014.04.01
2332,점유    ,주거,작은방,1111-11-11 00:00:00,10000000,0,미전입
2334,전입    ,주거,전부,2016-06-13 00:00:00,10000000,450000,점유: 2016.06.11-
2334,전입    ,주거,,2016-06-13 00:00:00,0,0,
2337,전입    ,주거,전부,2016-09-26 00:00:00,20000000,500000,점유: 2016.09.15-2018.09.14
2341,전입    ,주거,전부,2014-12-16 00:00:00,150000000,0,"점유: 2014.12.16-
임차권자"
2353,전입    ,주거,전부,2015-04-20 00:00:00,70000000,0,점유: 2015.04.20.-2017.04.19.
2362,전입    ,주거,,2014-07-21 00:00:00,0,0,
2364,전입    ,주거,전부,2017-01-16 00:00:00,30000000,1100000,점유: 2017.01.18-
2364,점유    ,주거,전부,1111-11-11 00:00:00,350000000,0,"점유: 2016.05.15-
채권자"
2367,전입    ,주거,전부,2009-09-23 00:00:00,28000000,0,점유: 2009.09.30-24개월
2370,전입    ,주거,전부,2001-05-15 00:00:00,50000000,0,현황조사점유:2015.04.01-2020.04.01
2371,전입    ,주거,전부,2011-10-10 00:00:00,40000000,0,점유: 2011.10.05-
2373,전입    ,주거,전부,2016-12-07 00:00:00,240000000,0,점유: 2016.10.25-2018.10.24
2380,전입    ,주거,전부방3,2015-12-21 00:00:00,20000000,350000,점유: 2015.09.16
2386,전입    ,주거,전부,2003-09-26 00:00:00,75000000,0,"현황조사점유:2003.10.15-2005.10.14
등기부상점유:2003.09.26-2005.09.26"
2389,전입    ,주거,전부,2016-01-08 00:00:00,160000000,0,점유: 2016.01.08-
2390,전입    ,주거,전부,2016-11-17 00:00:00,80000000,0,점유: 2016.11.16-
2397,점유    ,주거,전부,1111-11-11 00:00:00,50000000,0,점유: 2016.11.01-24개월
2398,전입    ,주거,전부,2013-12-09 00:00:00,190000000,0,"현황조사점유:2013
.12.09-2015.12.09"
2401,전입    ,주거,전부,2014-11-12 00:00:00,20000000,400000,점유: 2014.11.05-
2403,전입    ,주거,,2004-06-17 00:00:00,0,0,
2404,전입    ,주거,,2012-06-25 00:00:00,0,0,
2405,전입    ,주거,,2017-01-09 00:00:00,0,0,"점유: 2017.01.09-
망,최외자의상속인"
2405,전입    ,주거,전부,2016-11-17 00:00:00,20000000,1200000,"점유: 2015.07.24-
현황서상점유기간:2016.11.17-"
2406,전입    ,주거,전부,2012-04-10 00:00:00,95000000,0,점유: 2012.04.09.-2014.04.29.
2409,전입    ,주거,전부,2015-07-15 00:00:00,40000000,0,
2411,전입    ,주거,전부,2016-04-15 00:00:00,200000000,0,배우자:이수진
2411,점유    ,주거,전부,1111-11-11 00:00:00,200000000,0,"점유: 2016.03.08-2018.03.07
전세권자
등기부상"
2415,전입    ,주거,,2010-06-09 00:00:00,0,0,소유자의 어머니로 무상점유
2416,전입    ,주거,전부,2013-10-23 00:00:00,40000000,300000,점유: 2013.10.11-2015.10.10
2418,전입    ,주거,전부,2014-10-21 00:00:00,65000000,0,점유: 2014.10.29-
2420,전입    ,주거,건물중일부(서쪽16.53㎡),2003-06-07 00:00:00,7000000,0,"임차권자
등기부상"
2421,전입    ,주거,,1990-10-12 00:00:00,0,0,
2422,전입    ,주거,전부,2015-02-09 00:00:00,20000000,1050000,점유: 2015.01.31.-2017.01.31.
2423,전입    ,주거,전부,2013-12-16 00:00:00,150000000,0,점유: 2013.10.03-2015.10.02
2426,전입    ,주거,전부,2012-05-02 00:00:00,470000000,0,"현황조사확정:2016.10.06
현황조사점유:2016.10.06-2018.10.05"
2428,전입    ,주거,전부,2012-03-08 00:00:00,70000000,0,"임차권자
조사서상점유:24개월"
2433,전입    ,주거,,2013-02-27 00:00:00,0,0,"채무자
조사서상"
2434,전입    ,주거,1805호,2015-03-24 00:00:00,6500000,300000,점유: 2015.03.19-2017.03.18
2439,전입    ,주거,전부,2015-04-09 00:00:00,20000000,300000,"점유: 2015.04.09-
"
2441,전입    ,주거,전부,2008-08-29 00:00:00,230000000,0,"점유: 2008.08.29-
임차권자
등기부상"
2443,전입    ,주거,601호전부,2013-11-01 00:00:00,110000000,0,점유: 2013.10.04-
2444,전입    ,주거,1002호전부,2015-04-17 00:00:00,110000000,0,점유: 2013.11.02-
2445,전입    ,주거,,2015-08-25 00:00:00,0,0,조사서상
2447,전입    ,주거,전부,2014-01-10 00:00:00,20000000,1300000,점유: 2014.01.10-2016.01.09
2448,전입    ,주거,,2015-06-05 00:00:00,0,0,조사서상
2453,점유    ,주거,411호,1111-11-11 00:00:00,0,0,조사서상
2457,전입    ,주거,,2014-04-02 00:00:00,0,0,조사서상
2461,전입    ,주거,전부,2015-07-22 00:00:00,40000000,0,"점유: 2015.07.20-2017.07.19
현황조사전입:2002.04.09"
2464,전입    ,주거,전부,2014-12-15 00:00:00,100000000,300000,"조사서상점유:
2014.11.20-"
2465,전입    ,주거,전부방3,2015-02-23 00:00:00,75000000,0,점유: 2015.02.01-2017.01.31
2468,전입    ,주거,미상,2013-01-17 00:00:00,0,0,"점유: 미상
채무자겸소유자매형
조사서상"
2471,전입    ,주거,,2006-03-02 00:00:00,0,0,"소유자조카
조사서상"
2476,전입    ,주거,방2,2014-05-16 00:00:00,70000000,0,점유: 2014.03.10-2016.03.09
2478,전입    ,주거,방4,2003-11-03 00:00:00,150000000,0,"조사서상점유:
2013.02.10-
2015.02.11"
2480,전입    ,주거,전부,2015-06-12 00:00:00,30000000,2000000,점유: 2015.06.12-2016.06.13
2484,전입    ,주거,방3전부,2013-12-17 00:00:00,20000000,200000,점유: 2013.10.19-
2486,전입    ,주거,전부,2015-11-25 00:00:00,30000000,700000,점유: 2015.08.20-2017.08.19
2487,전입    ,주거,,2015-01-13 00:00:00,0,0,조사서상
2489,전입    ,주거,,2014-02-19 00:00:00,0,0,"이민경 부
조사서상"
2491,전입    ,주거,전부방3,2014-11-18 00:00:00,20000000,400000,점유: 2014.11.18-2016.11.17
2492,전입    ,주거,2동A104호,2012-11-05 00:00:00,0,0,조사서상
2494,전입    ,주거,,2014-03-21 00:00:00,0,0,조사서상
2495,전입    ,주거,,2012-02-07 00:00:00,0,0,"채무자겸 소유자 김원종 동생
조사서상"
2496,전입    ,주거,703호전부,2010-06-30 00:00:00,30000000,100000,점유: 2010.06.29-
2497,전입    ,주거,전부(방3),2013-06-19 00:00:00,30000000,700000,"조사서상점유:
2013.05.21-
2015.05.20"
2499,전입    ,주거,,2012-09-12 00:00:00,0,0,"점유: 미상
조사서상"
2501,전입    ,주거,,2010-01-07 00:00:00,0,0,조사서상
2501,전입    ,주거,,2015-12-08 00:00:00,0,0,조사서상
2503,전입    ,주거,,2003-05-29 00:00:00,0,0,"채무자 유정미 남편
조사서상"
2506,전입    ,주거,전부방3,2015-03-10 00:00:00,29000000,250000,점유: 2015.03.05-2017.03.04
2507,전입    ,주거,방1,2011-11-16 00:00:00,80000000,0,"점유: 2011.11.13-2021.11.13
임차권자"
2509,전입    ,주거,,2014-02-25 00:00:00,0,0,"조사서상
현황서상전입:
2001.02.25"
2510,전입    ,주거,전부방2,2011-12-06 00:00:00,70000000,0,점유: 2011.12.06-24개월
2512,전입    ,주거,,2012-05-23 00:00:00,0,0,조사서상
2516,전입    ,주거,,2016-04-04 00:00:00,0,0,조사서상
2516,전입    ,주거,,2016-01-15 00:00:00,0,0,조사서상
2517,전입    ,주거,전부,2013-03-29 00:00:00,120000000,0,조사서상점유:12개월
2521,전입    ,주거,,2010-03-25 00:00:00,0,0,"소유자 조모
조사서상"
2522,전입    ,주거,방3,2013-12-17 00:00:00,60000000,0,점유: 2013.11.21-2015.11.20
2527,전입    ,주거,,2010-01-19 00:00:00,0,0,조사서상
2528,전입    ,주거,전부(방2),2012-12-05 00:00:00,150000000,0,점유: 2012.12.07-2014.12.06
2531,전입    ,주거,전부,2012-05-21 00:00:00,45000000,0,점유: 2012.05.21-
2532,전입    ,주거,,2003-04-21 00:00:00,0,0,조사서상
2533,전입    ,주거,,2013-01-15 00:00:00,0,0,조사서상
2533,전입    ,주거,,2014-05-27 00:00:00,0,0,조사서상
2533,점유    ,주거,전부,1111-11-11 00:00:00,100000000,0,"점유: 2014.09.16-2016.09.15
전세권자"
2535,전입    ,주거,전부,2011-04-11 00:00:00,80000000,0,"점유: 2011.04.09-2013.12.31
등기부상"
2536,전입    ,주거,,2013-05-13 00:00:00,0,0,조사서상
2537,전입    ,주거,전부,2016-06-01 00:00:00,15000000,350000,점유: 2015.07.05-2016.07.05
2542,전입    ,주거,,2004-04-19 00:00:00,0,0,"소유자 누나
조사서상"
2542,전입    ,주거,,1996-11-21 00:00:00,0,0,"소유자 모친
조사서상"
2547,전입    ,주거,,2016-05-12 00:00:00,0,0,조사서상
2549,전입    ,주거,전부(방2),2012-07-26 00:00:00,80000000,0,"조사서상점유:
2012.08.01-"
2553,전입    ,주거,전부,2012-07-02 00:00:00,50000000,0,점유: 2012.06.30-2015.06.29
2561,전입    ,주거,,2000-11-24 00:00:00,0,0,"점유: 미상
조사서상"
2563,전입    ,주거,전부,2016-03-04 00:00:00,19000000,100000,"점유: 2015.05.01-2017.04.30
현황조사:1700만/10만"
2564,전입    ,주거,전부,2016-08-10 00:00:00,30000000,50000,점유: 2015.02.21-2016.02.20
2568,전입    ,주거,전부,2016-05-26 00:00:00,5000000,400000,점유: 2016.05.25-2018.05.24
2571,전입    ,주거,전부방2,1996-05-09 00:00:00,20000000,0,점유: 1996.05.05-24개월
2571,점유    ,주거,전부,1111-11-11 00:00:00,6500000,0,"점유: 1989.09.30까지
채무자겸소유자
등기부상"
2572,전입    ,주거,전부,2013-07-26 00:00:00,50000000,0,"점유: 2013.07.26-
현황조사전입:2005.10.31"
2577,전입    ,주거,5103호전부,2015-11-02 00:00:00,100000000,2000000,점유: 2015.10.30-2017.10.29
2578,전입    ,주거,411호전부,2011-05-20 00:00:00,45000000,0,점유: 2011.04.26-
2586,전입    ,주거,방1,2016-02-25 00:00:00,20000000,0,"점유: 2016.02.17-2018.02.16
부부:문병술"
2586,전입    ,주거,방2,2016-06-07 00:00:00,40000000,0,점유: 2016.02.17-2018.02.16
2588,전입    ,주거,,2011-07-14 00:00:00,0,0,공유자
2590,전입    ,주거,602호전부,2007-03-29 00:00:00,300000000,0,점유: 2007.04.02-2017.04.01
2593,전입    ,주거,,2016-07-08 00:00:00,0,0,
2595,전입    ,주거,전부,2015-07-27 00:00:00,50000000,0,현황조사점유:2015.07.25-2016.07.24
2597,전입    ,주거,전부,2015-08-21 00:00:00,100000000,0,점유: 2015.08.21-2017.08.20
2618,전입    ,주거,전부,2007-09-12 00:00:00,48000000,0,점유: 2007.07.26-
2621,전입    ,주거,,1990-05-29 00:00:00,0,0,"소유자 동생
조사서상"
2621,전입    ,주거,,1990-06-05 00:00:00,0,0,"소유자 부
조사서상"
2622,전입    ,주거,전부,2012-04-24 00:00:00,10000000,500000,조사서상점유:24개월
2623,전입    ,주거,501호전부,2015-03-27 00:00:00,102000000,0,점유: 2014.08.25-2016.08.24
2626,전입    ,주거,,2009-09-08 00:00:00,0,0,
2627,전입    ,주거,전부,2015-04-16 00:00:00,250000000,0,점유: 2015.04.16-2017.04.15
2628,전입    ,주거,방2,2014-04-07 00:00:00,15000000,0,점유: 2014.04.07-
2629,전입    ,주거,,2007-03-05 00:00:00,0,0,조사서상
2631,전입    ,주거,미상,2015-05-07 00:00:00,0,0,조사서상
2632,전입    ,주거,1101호전부,2015-06-11 00:00:00,110000000,0,점유: 2015.06.15-2017.06.14
2633,점유    ,주거,전부,1111-11-11 00:00:00,800000000,0,점유: 2016.07.09까지
2636,전입    ,주거,전부,2014-08-18 00:00:00,20000000,500000,"점유: 2014.08.12-
임차권자"
2640,전입    ,주거,전부,2015-04-02 00:00:00,100000000,0,"점유: 2014.10.09-2017.01.23
전출:2015.03.31"
2643,전입    ,주거,,2012-04-19 00:00:00,0,0,점유: 미상
2643,전입    ,주거,,2001-04-24 00:00:00,0,0,"점유: 미상
소유자와 동일세대이며 조카임"
2644,전입    ,주거,전부방2,2015-02-09 00:00:00,20000000,500000,점유: 2014.10.13-2016.10.12
2645,전입    ,주거,,2016-01-20 00:00:00,20000000,500000,점유: 2014.10.23-2016.10.22
2646,전입    ,주거,전부방2,2014-10-27 00:00:00,20000000,500000,점유: 2014.10.27-2018.10.26
2647,전입    ,주거,303호전부,2014-10-17 00:00:00,160000000,0,현황조사점유:2014.10.15-24개월
2648,전입    ,주거,,2012-11-13 00:00:00,0,0,
2649,전입    ,주거,미상,2016-04-19 00:00:00,0,0,"점유: 미상
손성애배우자"
2649,전입    ,주거,,2016-04-19 00:00:00,50000000,200000,점유: 2015.02.13-
2650,전입    ,주거,102호전부(방3),2011-10-31 00:00:00,30000000,0,점유: 2011.10.31-24개월
2651,전입    ,주거,1701호,2015-10-23 00:00:00,0,0,
2653,전입    ,주거,일부(방1),2016-05-03 00:00:00,20000000,200000,점유: 2016.05.03-12개월
2656,전입    ,주거,,2002-10-21 00:00:00,0,0,"점유: 미상
소유자의처"
2657,전입    ,주거,,2014-01-06 00:00:00,0,0,
2657,전입    ,주거,전부방4,2014-02-27 00:00:00,40000000,0,점유: 2016.02.28-
2658,전입    ,주거,전부,2000-02-23 00:00:00,30000000,0,"점유: 2000.02.23-
현황조사전입:2001.06.28
소유자의모"
2661,전입    ,주거,,2015-08-21 00:00:00,0,0,점유: 미상
2662,점유    ,주거,전부,1111-11-11 00:00:00,30000000,0,"점유: 2014.02.12-2016.02.11
전세권자
등기부상"
2662,전입    ,주거,방3,2014-02-20 00:00:00,30000000,300000,점유: 2015.07.28-2017.07.27
2669,전입    ,주거,,2015-03-10 00:00:00,0,0,
2674,전입    ,주거,전부,2013-10-29 00:00:00,30000000,650000,점유: 2015.09.10-2017.09.09
2675,전입    ,주거,미상,2013-09-13 00:00:00,0,0,점유: 미상
2676,전입    ,주거,,2015-07-28 00:00:00,0,0,
2677,전입    ,주거,미상,2009-04-23 00:00:00,0,0,"점유: 미상
채무자"
2678,전입    ,주거,전부,2010-07-15 00:00:00,70000000,400000,점유: 2010.07.15-
2679,전입    ,주거,,2017-06-19 00:00:00,20000000,1300000,현황조사점유:2016.10.14-12개월
2680,전입    ,주거,,2009-01-19 00:00:00,0,0,
2681,전입    ,주거,일부방1,2015-01-30 00:00:00,30000000,0,"점유: 2011.07.10-2014.07.09
최초전입일자:2011.08.01"
2683,전입    ,주거,전부,2013-08-30 00:00:00,0,0,"점유: 미상
소유자의 처"
2688,전입    ,주거,,2017-07-10 00:00:00,0,0,점유: 미상
2690,전입    ,주거,전부,2015-04-27 00:00:00,5000000,250000,점유: 2015.04.17-2017.04.16
2696,전입    ,주거,전부,2015-07-08 00:00:00,160000000,0,점유: 2015.07.08-2017.07.07
2708,전입    ,주거,전부방3,2014-04-18 00:00:00,75000000,0,점유: 2014.04.09
2718,전입    ,주거,전부,2010-09-28 00:00:00,0,0,현황조사서상
2718,전입    ,주거,,2010-09-28 00:00:00,125000000,0,점유: 2010.06.04-현재
2722,전입    ,주거,,2008-04-25 00:00:00,0,0,채무자의배우자
2732,전입    ,주거,,2012-03-22 00:00:00,75000000,0,점유: 2012.03.26-
2734,점유    ,주거,전부,1111-11-11 00:00:00,100000000,0,"점유: 2013.12.03-2018.12.02
등기부상"
2742,전입    ,주거,방3,2015-12-08 00:00:00,180000000,0,점유: 2015.12.17-2017.12.16
2745,전입    ,주거,전부(방3),2016-03-28 00:00:00,130000000,0,점유: 2016.03.28-2018.03.27
2749,전입    ,주거,전부,2006-07-21 00:00:00,100000000,0,"점유: 2016.08.10
현황조사전입:2009.03.04"
2749,전입    ,주거,,2008-01-18 00:00:00,0,0,
2749,전입    ,주거,,2004-08-11 00:00:00,0,0,
2749,전입    ,주거,,2001-10-04 00:00:00,0,0,
2754,전입    ,주거,,2009-05-29 00:00:00,0,0,
2756,전입    ,주거,,2007-05-10 00:00:00,0,0,
2761,전입    ,주거,,2007-01-18 00:00:00,0,0,
